Plot_ID,Count,Species,DBH,Status,Notes
78847_DMS,29,DF,2,Live,
78847_DMS,73,WL,2,Live,
78847_DMS,9,WL,4,Live,
78847_DMS,16,LP,2,Live,
78847_DMS,7,LP,4,Live,
78847_DMS,1,PP,36,D3,
78847_DMS,1,WL,8,D3,
78847_DMS,1,AS,2,Live,
78847_DMS,1,PP,2,Live,
146403_DMS,1,DF,6,D3,
146403_DMS,6,DF,2,Live,
146403_DMS,3,DF,24,Live,
146403_DMS,2,DF,4,Live,
146403_DMS,1,DF,22,Live,
146403_DMS,1,DF,12,Live,
146403_DMS,1,DF,20,Live,
5025_CHN,150,LP,2,Live,
5025_CHN,147,LP,4,Live,
5025_CHN,69,ES,2,Live,
5025_CHN,26,LP,6,Live,
5025_CHN,18,WL,2,Live,
5025_CHN,43,DF,2,Live,
5025_CHN,11,WL,4,Live,
5025_CHN,6,DF,4,Live,
5025_CHN,4,ES,4,Live,
5025_CHN,1,DF,16,D3,BT
5025_CHN,2,WL,6,Live,
5025_CHN,3,AS,2,Live,
117941_DMN,3,WL,2,Live,
117941_DMN,3,DF,4,Live,
117941_DMN,2,DF,6,Live,
117941_DMN,1,DF,26,Live,
117941_DMN,1,DF,12,D3,
117941_DMN,1,DF,8,D3,
117941_DMN,1,DF,4,D3,
117941_DMN,3,DF,16,Live,
117870_DHN,2,DF,14,D3,BT
117870_DHN,1,DF,16,D3,BT
117870_DHN,1,DF,18,D3,BT
117870_DHN,2,DF,24,D3,BT
117870_DHN,3,DF,28,D3,
117870_DHN,1,DF,30,D3,
117870_DHN,1,OT,16,D3,
117870_DHN,1,DF,4,Live,
117870_DHN,10,WL,2,Live,
117870_DHN,10,LP,2,Live,
117900_DHN,47,LP,2,Live,
117900_DHN,13,LP,4,Live,
117900_DHN,4,WL,2,Live,
117900_DHN,2,WL,8,D3,
117900_DHN,19,LP,2,Live,
117900_DHN,7,LP,4,Live,
117900_DHN,1,WL,2,Live,
117900_DHN,2,WL,8,D3,
117900_DHN,1,WL,12,D3,
117900_DHN,67,LP,2,Live,
117900_DHN,6,LP,4,Live,
117900_DHN,1,WL,2,Live,
117900_DHN,2,WL,4,D3,
117900_DHN,2,WL,10,D3,
117900_DHN,2,RA,2,Live,
117900_DHN,1,DF,20,D3,
117900_DHN,49,LP,2,Live,
117900_DHN,2,WL,2,Live,
117900_DHN,6,LP,4,Live,
117900_DHN,1,DF,30,D3,
117900_DHN,1,WL,6,D2,
117900_DHN,1,OT,6,D3,
118036_CMN,1,DF,6,Live,
118036_CMN,1,LP,10,D3,
118036_CMN,1,WL,18,Live,
118036_CMN,5,WL,6,Live,
118036_CMN,1,SF,8,Live,
118036_CMN,1,SF,8,Live,
118036_CMN,2,DF,10,Live,
118036_CMN,1,WL,2,Live,
118036_CMN,3,DF,2,Live,
118036_CMN,3,LP,6,D3,
118036_CMN,2,WL,8,D3,
118036_CMN,1,WL,6,D3,
118036_CMN,1,LP,2,D3,
118036_CMN,1,WL,10,Live,
118036_CMN,1,LP,4,D3,
150974_CHS,1,WL,30,D3,
150974_CHS,5,LP,5,Live,
4517_DHS,11,DF,2,Live,
4517_DHS,180,LP,2,Live,
4517_DHS,8,LP,4,Live,
4517_DHS,3,WL,2,Live,
4517_DHS,2,WL,4,D3,
4517_DHS,12,WL,6,D3,
4517_DHS,2,OT,4,D3,
4517_DHS,1,WL,6,D3,
4517_DHS,10,RA,2,Live,
4517_DHS,3,OT,6,D2,
4517_DHS,2,LP,2,Live,
4517_DHS,1,WL,14,Live,
4517_DHS,1,ES,4,Live,
4517_DHS,1,OT,8,D3,
4517_DHS,1,ES,4,Live,
4615_DMN,2,DF,20,D2,
4615_DMN,1,DF,8,D2,
4615_DMN,3,DF,8,Live,
4615_DMN,1,DF,10,Live,
4615_DMN,1,DF,10,Live,
4615_DMN,3,DF,10,Live,
4615_DMN,3,DF,6,Live,
4615_DMN,6,DF,4,Live,
4615_DMN,1,DF,12,D2,
4615_DMN,4,DF,2,Live,
4615_DMN,1,DF,16,D3,BT
4615_DMN,1,DF,6,D3,BT
4615_DMN,1,DF,12,Live,
4615_DMN,1,DF,14,Live,
4615_DMN,1,DF,4,D2,
4644_DMN,1,DF,14,Live,
4644_DMN,4,DF,12,D3,BT
4644_DMN,2,DF,8,D2,BT
4644_DMN,1,DF,20,Live,
4644_DMN,1,DF,8,D3,BT
4644_DMN,5,DF,2,Live,
4644_DMN,1,DF,4,Live,
4644_DMN,1,DF,14,D3,BT
151200_MMS,1,DF,12,D3,
151200_MMS,1,DF,18,D3,
151200_MMS,1,DF,6,D3,
151200_MMS,1,DF,10,Live,
151200_MMS,1,DF,12,Live,
151200_MMS,1,DF,14,Live,BT
151200_MMS,1,DF,16,Live,
151200_MMS,1,WL,18,Live,
151200_MMS,1,DF,22,Live,
4817_DHN,1,DF,16,D3,BT
4817_DHN,3,PP,4,Live,
4817_DHN,1,DF,4,Live,
4817_DHN,1,DF,6,D3,BT
4817_DHN,2,DF,2,Live,
4817_DHN,2,DF,18,D3,BT
4817_DHN,1,DF,8,D3,BT
151191_CMS,1,DF,18,D3,
151191_CMS,1,OT,4,D3,
151191_CMS,1,OT,2,D3,
151191_CMS,2,DF,24,D3,
151191_CMS,1,DF,16,D3,
151191_CMS,1,DF,26,D3,
151191_CMS,1,DF,20,D3,
151191_CMS,1,DF,22,D3,
151191_CMS,1,DF,16.1,Live,BT
151191_CMS,1,DF,15.9,Live,
151191_CMS,1,WL,15.2,Live,BT
143306_DHS,110,WL,2,Live,
143306_DHS,5,AS,2,Live,
143306_DHS,2,DF,8,D3,BT
143306_DHS,1,DF,4,D3,
143306_DHS,2,RC,4,D3,
143306_DHS,2,RC,6,D3,
143360_MMS,1,DF,24,D2,
143360_MMS,3,WL,2,Live,
143360_MMS,1,DF,16,D3,BT
143360_MMS,1,DF,24,D3,BT
143360_MMS,1,DF,2,D3,
143360_MMS,1,DF,4,D3,
143360_MMS,1,DF,4,D3,BT
143360_MMS,1,DF,8,Live,BT
143360_MMS,1,RC,2,Live,
146201_MHN,3,DF,12,D3,BT
146201_MHN,2,DF,16,D3,BT
146201_MHN,2,DF,10,D3,BT
151347_MMN,56,WL,2,Live,
151347_MMN,5,SF,4,Live,
151347_MMN,4,LP,6,Live,
151347_MMN,10,LP,4,Live,
151347_MMN,1,SF,6.8,Live,
151347_MMN,7,SF,2,Live,
151347_MMN,4,SF,6,Live,
151347_MMN,9,DF,2,Live,
151347_MMN,5,DF,4,Live,
151347_MMN,1,LP,6.4,Live,
151347_MMN,1,ES,2.4,Live,
151347_MMN,24,LP,2,Live,
151347_MMN,1,WL,13.8,Live,
151347_MMN,1,DF,8,Live,
151347_MMN,1,DF,6,Live,
151273_MHN,1,DF,20,Live,
151273_MHN,1,WL,8,Live,Scrape damage
151273_MHN,1,WL,8,Live,Scrape damage
151273_MHN,1,SF,2,D1,
151273_MHN,1,LP,6,Live,
151273_MHN,1,DF,10,Live,
151273_MHN,41,LP,2,Live,
151273_MHN,1,LP,10,Live,
151273_MHN,1,WL,10,Live,
151273_MHN,11,WL,2,Live,
151273_MHN,1,WL,2,Live,
151273_MHN,1,LP,2,Live,
151273_MHN,1,LP,4,Live,
151273_MHN,1,SF,2,Live,
78826_DMS,2,PP,4,Live,
78826_DMS,7,PP,6,Live,
78826_DMS,3,OT,2,D3,
78826_DMS,4,OT,4,D3,
78826_DMS,1,WL,4,Live,
78826_DMS,1,PP,8,D3,
78826_DMS,1,PP,2,D1,
78826_DMS,2,PP,4,Live,
78826_DMS,1,PP,8,Live,
78826_DMS,2,WL,2,D1,
78826_DMS,5,WL,4,D1,
78826_DMS,3,WL,6,Live,
78826_DMS,12,PP,4,D1,
78826_DMS,1,LP,4,D1,
145400_MMS,1,RC,6,Live,
145400_MMS,1,RC,10,Live,
145400_MMS,1,DF,8,Live,
145400_MMS,1,DF,10,Live,
145400_MMS,1,WL,8,Live,
145400_MMS,1,DF,10,Live,
145400_MMS,3,WL,6,D3,BT
145400_MMS,1,RC,8,D2,
145400_MMS,2,RC,12,D2,
145400_MMS,1,OT,6,D3,
145400_MMS,3,RC,2,D2,
145400_MMS,2,RC,4,D2,
145400_MMS,1,LP,16,D2,BT
145400_MMS,2,OT,4,D3,BT
145400_MMS,1,LP,6,D3,BT
148091_CHS,8,LP,2,Live,
145501_CMN,1,WL,2,Live,
145501_CMN,2,DF,10,Live,
145501_CMN,2,DF,12,Live,
145501_CMN,1,WL,10,Live,
145501_CMN,1,WL,12,Live,
145501_CMN,2,ES,8,Live,
145501_CMN,1,SF,2,Live,
145501_CMN,1,DF,20,Live,
145501_CMN,1,OT,4,D3,
145501_CMN,2,LP,10,Live,
145501_CMN,1,ES,10,Live,
145501_CMN,1,ES,14,Live,
145501_CMN,1,WL,6,Live,
145501_CMN,1,WL,14,Live,
151091_DHS,29,LP,2,Live,
151091_DHS,8,WL,2,Live,
151091_DHS,1,AS,2,Live,
151091_DHS,1,WL,20,D2,
151091_DHS,1,LP,6,D3,BT
153967_MHS,171,WL,2,Live,
153967_MHS,552,LP,2,Live,
153967_MHS,3,AS,2,Live,
150795_CHS,2,LP,2,D3,
150795_CHS,4,WL,10,D3,BT
153506_MMS,1,WL,8,D3,BT
153506_MMS,1,WL,12,Live,
153506_MMS,1,WL,4,D3,BT
153506_MMS,1,WL,14,Live,
999906_DHS,9,LP,2,D3,
999906_DHS,7,LP,4,D3,
999906_DHS,7,LP,6,D3,
153698_DHS,2,WL,8,D3,BT
153698_DHS,4,WL,4,D2,
153698_DHS,1,WL,6,D2,
153698_DHS,3,WL,2,D3,BT
153698_DHS,1,WL,4,D2,
153698_DHS,1,WL,6,D3,BT
154513_CMN,1,WL,8,Live,
154513_CMN,1,WL,12,Live,
154513_CMN,1,WL,8,Live,
154513_CMN,1,DF,6,D2,
154513_CMN,1,OT,4,D2,BT
154513_CMN,2,WL,4,D3,BT
154513_CMN,3,SF,6,D2,BT
154513_CMN,3,WL,6,D3,
154513_CMN,2,WL,8,Live,
154513_CMN,2,WL,2,D2,
154513_CMN,3,OT,6,D3,BT
154513_CMN,1,WL,6,Live,
154513_CMN,2,OT,10,D3,
154513_CMN,4,OT,2,D3,BT
154513_CMN,1,DF,8,Live,BT
154513_CMN,1,WL,20,Live,
154513_CMN,1,DF,14,Live,
154513_CMN,1,DF,18,Live,
154513_CMN,1,DF,12,Live,
154513_CMN,1,DF,8,Live,
154513_CMN,3,WL,6,Live,
152489_MHS,9,OT,2,D3,
152489_MHS,8,OT,4,D3,
152489_MHS,8,OT,6,D3,
152489_MHS,2,OT,8,D3,
154053_CMS,3,WL,10,Live,
154053_CMS,1,RC,4,D1,
154053_CMS,1,WL,16,Live,
154053_CMS,1,WL,8,Live,
154053_CMS,1,WL,12,Live,logging damage
154053_CMS,1,WL,4,Live,
154053_CMS,1,WL,6,Live,
154053_CMS,1,WL,10,Live,BT
154053_CMS,1,WL,8,Live,BT
152553_CHS,10,LP,2,Live,
152553_CHS,8,WL,2,Live,
152553_CHS,1,WL,4,D3,
153907_CHS,36,LP,2,Live,
153907_CHS,57,WL,2,Live,
153907_CHS,1,AS,2,Live,
152636_MHS,133,LP,2,Live,
152636_MHS,2,AS,2,Live,
152636_MHS,1,WL,2,Live,
153269_MHN,15,WL,2,Live,
153269_MHN,3,AS,2,Live,
153269_MHN,1,LP,2,Live,
153269_MHN,2,LP,12,D3,
153269_MHN,7,WL,14,D3,
153269_MHN,3,LP,6,D3,
153269_MHN,3,LP,10,D3,
153269_MHN,3,WL,6,D3,
153269_MHN,2,OT,8,D3,
153269_MHN,6,WL,12,D3,
153269_MHN,1,WL,20,D3,
153269_MHN,4,WL,8,D3,
152138_CHS,15,LP,2,Live,
152138_CHS,6,WL,2,Live,
151106_MMN,1,WL,4,Live,
151106_MMN,1,LP,2,Live,
151106_MMN,88,WL,2,Live,
151106_MMN,19,RA,2,Live,
151106_MMN,12,AS,2,Live,
151106_MMN,10,AS,4,Live,
151106_MMN,1,LP,12,D2,
151106_MMN,1,WL,14,D2,
151106_MMN,1,WL,10,D2,
154505_MHS,13,LP,2,Live,
154505_MHS,22,WL,2,Live,
154505_MHS,1,WL,30,D2,
154505_MHS,2,AS,2,Live,
155275_MHN,3,OT,2,D2,
155275_MHN,2,OT,2,D3,BT
155275_MHN,2,WL,4,D2,
155275_MHN,1,WL,10,Live,
155275_MHN,1,WL,10,D2,
155275_MHN,1,OT,4,D3,
155275_MHN,1,DF,6,D2,BT
155275_MHN,2,WL,2,D3,
155275_MHN,1,WL,6,Live,
155275_MHN,2,SF,2,D2,
155275_MHN,1,SF,6,D2,
155275_MHN,2,DF,4,D2,BT
155275_MHN,4,WL,8,Live,
91191_CMN,496,LP,2,Live,
91191_CMN,1,LP,4,Live,
91191_CMN,4,LP,6,Live,
91191_CMN,48,WL,2,Live,
91191_CMN,3,WL,8,D3,
91191_CMN,1,LP,8,D3,BT
91191_CMN,1,LP,2,D1,
91191_CMN,1,DF,2,Live,
154554_CHS,1,LP,10,D3,
154554_CHS,4,LP,12,D3,
154554_CHS,16,RA,2,Live,
154554_CHS,16,LP,2,Live,
154554_CHS,4,WL,2,Live,
154554_CHS,1,OT,8,D3,
154554_CHS,2,OT,6,D3,
154554_CHS,2,LP,8,D3,
152914_MHS,208,LP,2,Live,
152914_MHS,25,WL,2,Live,
152914_MHS,32,AS,2,Live,
152914_MHS,5,LP,4,Live,
153918_MMS,1,DF,10,Live,
153918_MMS,1,WL,14,Live,
153918_MMS,1,OT,2,D2,
153918_MMS,1,OT,4,D2,
153918_MMS,2,OT,4,D2,
153918_MMS,1,OT,2,D3,
153918_MMS,1,OT,2,D3,
153918_MMS,2,OT,4,D3,
153918_MMS,1,WL,16,Live,
153918_MMS,1,RC,8,Live,
153918_MMS,1,RC,6,Live,
153918_MMS,3,BH,4,D2,Birch
153918_MMS,1,RC,3,Live,
153514_MHS,7,LP,2,Live,
153514_MHS,4,WL,2,Live,
153514_MHS,1,LP,2,D1,
153156_MMS,2,WL,18,Live,
153156_MMS,5,WL,2,Live,
153156_MMS,1,WL,4,D2,
153156_MMS,1,WL,14,Live,
153156_MMS,2,LP,2,Live,
154204_MMS,2,WL,12,Live,
154204_MMS,2,DF,2,Live,
154204_MMS,1,DF,14,Live,
154204_MMS,1,LP,6,Live,
154204_MMS,1,WL,4,D3,
154204_MMS,1,DF,10,Live,
154204_MMS,1,LP,2,Live,
154204_MMS,1,WL,6,Live,
79284_CMN,65,WL,2,Live,
79284_CMN,1,WL,14,D3,
79284_CMN,77,LP,2,Live,
79284_CMN,1,WL,6,Live,
79284_CMN,1,WL,10,Live,
79284_CMN,1,WL,12,D3,
79284_CMN,1,WL,6,D3,
79284_CMN,5,OT,8,D3,
79284_CMN,3,DF,2,Live,
79284_CMN,1,AS,2,Live,
79284_CMN,1,WL,2,D2,
79284_CMN,1,OT,4,D3,
79284_CMN,1,WL,10,D3,
79284_CMN,1,WL,4,Live,
79284_CMN,2,WL,14,Live,
5048_DMN,10,DF,2,Live,
5048_DMN,4,DF,4,Live,
5048_DMN,1,DF,14,Live,
5048_DMN,1,DF,20,Live,
5048_DMN,1,WL,18,D2,
5048_DMN,1,WL,20,D3,
5048_DMN,1,ES,2,Live,
5048_DMN,2,DF,20,D3,BT
5048_DMN,1,DF,20,D2,
999903_CMS,3,DF,22,Live,
999903_CMS,1,WL,22,Live,
999903_CMS,8,DF,2,Live,
999903_CMS,1,DF,4,Live,
999903_CMS,1,WL,2,Live,
999903_CMS,7,LP,2,Live,
999903_CMS,1,DF,24,Live,
999903_CMS,1,WL,16,Live,
999903_CMS,1,DF,18,Live,
999903_CMS,1,DF,30,Live,
999904_CMS,4,DF,6,Live,
999904_CMS,2,ES,8,Live,
999904_CMS,12,WL,6,Live,
999904_CMS,67,DF,2,Live,
999904_CMS,73,WL,2,Live,
999904_CMS,1,DF,12,D2,
999904_CMS,4,DF,14,D3,BT
999904_CMS,13,WL,4,Live,
999904_CMS,8,LP,2,Live,
999904_CMS,9,LP,4,Live,
999904_CMS,13,DF,4,Live,
999904_CMS,4,SF,4,Live,
999904_CMS,2,WL,14,Live,
999904_CMS,1,LP,10,D3,BT
999904_CMS,14,SF,2,Live,
999904_CMS,2,WL,10,Live,
999904_CMS,4,SF,6,Live,
999904_CMS,4,ES,6,Live,
999904_CMS,1,LP,8,Live,
999904_CMS,1,WL,2,D1,
999904_CMS,1,DF,2,D1,
999904_CMS,20,ES,2,Live,
999904_CMS,13,ES,4,Live,
999904_CMS,2,LP,6,Live,
999904_CMS,4,WL,8,Live,
999904_CMS,1,ES,2,D2,
999904_CMS,1,SF,4,D1,
999904_CMS,1,ES,4,D2,
999904_CMS,1,LP,2,D1,
999902_DMS,107,WL,2,Live,
999902_DMS,36,DF,2,Live,
999902_DMS,9,WL,4,Live,
999902_DMS,18,SF,2,Live,
999902_DMS,4,LP,4,Live,
999902_DMS,1,LP,2,D1,
999902_DMS,10,LP,2,Live,
999902_DMS,1,WL,30,Live,
999902_DMS,2,LP,6,Live,
999902_DMS,1,WL,8,D2,
999902_DMS,1,DF,14,D3,BT
999902_DMS,1,WL,22,Live,
999902_DMS,1,WL,30,Live,
999902_DMS,1,WL,28,D2,
999902_DMS,4,LP,2,Live,All 4 trees from the same base. Three 2 DBH and one 4 DBH
4836_DMS,51,DF,2,Live,
4836_DMS,20,DF,4,Live,
4836_DMS,1,DF,32,Live,
4836_DMS,2,DF,18,Live,
4836_DMS,2,DF,10,Live,
4836_DMS,1,DF,8,Live,
4836_DMS,1,DF,24,Live,
4836_DMS,1,DF,12,Live,
4836_DMS,1,WL,2,Live,
4775_DMS,105,DF,2,Live,
4775_DMS,10,DF,4,Live,
4775_DMS,11,WL,2,Live,
4775_DMS,3,WL,4,Live,
4775_DMS,1,WL,34,Live,
4775_DMS,1,DF,20,Live,
42249_DHN,6,LP,2,Live,
42249_DHN,15,LP,4,Live,
42249_DHN,28,LP,6,Live,
42249_DHN,14,LP,8,Live,
42249_DHN,2,WL,2,Live,
42249_DHN,6,WL,4,Live,
42249_DHN,6,WL,6,Live,
42249_DHN,1,WL,18,D3,BT
42249_DHN,3,DF,2,Live,
42249_DHN,3,ES,2,Live,
42249_DHN,7,ES,4,Live,
42249_DHN,1,LP,2,D3,
42249_DHN,2,DF,4,Live,
42249_DHN,1,WL,8,Live,
42249_DHN,1,LP,10,Live,
42249_DHN,2,OT,2,D2,
44978_CMN,2,WL,30,Live,
44978_CMN,1,DF,28,Live,
44978_CMN,2,WL,26,Live,
44978_CMN,1,SF,18,D3,BT
44978_CMN,1,DF,2,Live,
44978_CMN,2,WL,22,Live,
44978_CMN,1,WL,34,Live,
44978_CMN,1,ES,2,Live,
44978_CMN,1,SF,2,Live,
46174_DMN,1,DF,4,Live,
46174_DMN,3,DF,10,Live,
46174_DMN,1,DF,14,Live,
46174_DMN,1,DF,16,Live,
46174_DMN,1,PP,4,Live,
42322_DHN,21,LP,2,Live,
42322_DHN,62,LP,4,Live,
42322_DHN,78,LP,6,Live,BT
42322_DHN,6,LP,8,Live,
42322_DHN,12,WL,2,Live,
42322_DHN,4,WL,4,Live,
42322_DHN,7,WL,6,Live,
42322_DHN,12,DF,2,Live,
42322_DHN,4,DF,4,Live,
42322_DHN,3,LP,2,D2,
42322_DHN,3,LP,4,D2,BT
42322_DHN,8,LP,2,D3,
42322_DHN,3,LP,2,D1,
42322_DHN,3,LP,4,D1,
42322_DHN,4,WL,2,D1,
42322_DHN,2,LP,4,D3,
42322_DHN,2,OT,10,D3,
42322_DHN,1,DF,2,D1,
42322_DHN,1,LP,6,D3,BT
42322_DHN,2,ES,2,Live,
42322_DHN,1,OT,8,D3,
45912_MHN,8,LP,2,Live,
45912_MHN,15,LP,4,Live,
45912_MHN,8,LP,6,Live,
45912_MHN,11,WL,2,Live,
45912_MHN,3,LP,8,Live,
45912_MHN,8,ES,2,Live,
45912_MHN,10,DF,4,Live,
45912_MHN,6,WL,4,Live,
45912_MHN,6,DF,2,Live,
45912_MHN,6,DF,6,Live,
45912_MHN,1,SF,4,Live,
45912_MHN,1,LP,2,D1,
45912_MHN,1,SF,2,Live,
45912_MHN,1,ES,4,Live,
120497_CHN,18,WL,2,Live,
120497_CHN,4,WL,4,Live,
120497_CHN,1,DF,18,D3,
120497_CHN,1,PP,2,Live,
120497_CHN,1,DF,22,D3,
120497_CHN,1,OT,10,D3,
120497_CHN,2,DF,28,D3,
120497_CHN,1,DF,18,D3,
120497_CHN,14,LP,2,Live,
120497_CHN,7,LP,4,Live,
120497_CHN,2,DF,4,Live,
120850_DHN,1,DF,24,D3,
120850_DHN,2,WL,22,D3,
46069_MMN,43,LP,2,Live,
46069_MMN,23,LP,4,Live,
46069_MMN,2,LP,6,Live,
46069_MMN,17,DF,2,Live,
46069_MMN,5,DF,4,Live,
46069_MMN,3,WL,2,Live,
46069_MMN,1,WL,4,Live,
46069_MMN,1,LP,2,D2,
46069_MMN,1,OT,18,D3,
46069_MMN,1,DF,6,Live,
46069_MMN,1,ES,14,Live,
46069_MMN,1,SF,8,Live,
46069_MMN,1,WL,10,Live,
46069_MMN,3,ES,2,Live,
46069_MMN,3,ES,8,Live,
46069_MMN,1,GF,2,D1,
46069_MMN,4,ES,4,Live,
46069_MMN,1,CW,2,Live,
46069_MMN,2,CW,12,Live,
46069_MMN,1,SF,6,Live,
46069_MMN,3,SF,4,D1,
46069_MMN,1,RA,4,D3,
46069_MMN,1,OT,2,D2,
46069_MMN,1,ES,10,Live,
46069_MMN,4,ES,6,Live,
46069_MMN,1,LP,2,D1,
46069_MMN,7,RA,6,Live,
46069_MMN,2,RA,6,D3,BT
10161_CHN,14,WL,6,Live,
10161_CHN,257,LP,2,Live,
10161_CHN,78,LP,4,D1,
10161_CHN,102,WL,2,Live,
10161_CHN,482,DF,2,Live,
10161_CHN,16,DF,4,Live,
10161_CHN,35,WL,4,Live,
10161_CHN,1,LP,2,D1,
10161_CHN,1,DF,20,D3,
10161_CHN,1,OT,6,D3,
10161_CHN,1,WL,20,D3,
10161_CHN,1,WL,10,D3,
6129_CMS,73,WL,4,Live,
6129_CMS,82,WL,2,Live,
6129_CMS,104,DF,2,Live,
6129_CMS,7,ES,2,Live,
6129_CMS,43,LP,2,Live,
6129_CMS,11,LP,4,Live,
6129_CMS,14,WL,6,Live,
6129_CMS,3,DF,4,Live,
6129_CMS,2,LP,6,Live,
6310_CHS,447,WL,2,Live,
6310_CHS,27,LP,2,Live,
6310_CHS,55,WL,4,Live,
6310_CHS,6,WL,6,Live,
6310_CHS,4,LP,4,Live,
6310_CHS,1,ES,2,Live,
6310_CHS,2,DF,2,Live,
6310_CHS,1,WL,14,Live,
6310_CHS,1,WL,28,Live,
6310_CHS,1,WL,20,D3,
6310_CHS,1,WL,24,D3,
6310_CHS,1,WL,32,Live,
6310_CHS,1,WL,12,D3,
6310_CHS,3,WL,24,Live,
6310_CHS,1,WL,14,Live,
6310_CHS,1,WL,14,D3,
6310_CHS,1,DF,22,D3,
6262_CMS,34,WL,4,Live,
6262_CMS,346,WL,2,Live,
6262_CMS,181,LP,2,Live,
6262_CMS,14,LP,4,Live,
6262_CMS,15,DF,2,Live,
6262_CMS,1,WL,14,D3,
6262_CMS,1,WL,12,D3,
6262_CMS,1,WL,18,Live,
6262_CMS,1,WL,34,D2,crown intact and bearing cones
110508_DMN,3,DF,18,D3,
110508_DMN,2,DF,10,D3,
110455_MMN,4,DF,12,D3,BT
110455_MMN,1,DF,16,D3,BT
110455_MMN,2,DF,14,D3,BT
110455_MMN,4,DF,12,D3,BT
110455_MMN,1,DF,20,D3,BT
110455_MMN,1,DF,28,D3,BT
110455_MMN,1,PP,24,D3,BT
110455_MMN,1,DF,8,D3,BT
110455_MMN,2,DF,4,D3,BT
102861_DHN,1,LP,4,Live,
102861_DHN,1,DF,2,Live,
102861_DHN,1,DF,2,Live,
25410_DMN,119,LP,2,Live,
25410_DMN,91,LP,4,Live,
25410_DMN,39,LP,6,Live,
25410_DMN,1,LP,4,D3,
25410_DMN,2,WL,6,D3,BT
25410_DMN,1,DF,6,D3,BT
106403_MMN,3,PP,18,Live,
106403_MMN,1,DF,18,Live,
106403_MMN,2,DF,4,Live,
106403_MMN,2,DF,22,Live,
106403_MMN,1,PP,6,Live,
106403_MMN,2,DF,12,Live,
106403_MMN,1,PP,12,Live,
106403_MMN,1,DF,6,Live,
106403_MMN,1,PP,4,Live,
106403_MMN,1,DF,36,Live,
106403_MMN,1,PP,14,Live,
106403_MMN,1,PP,36,Live,
106403_MMN,7,RA,2,Live,
106403_MMN,2,RA,4,Live,
106403_MMN,1,PP,44,Live,
105912_MMN,2,PP,12,Live,
105912_MMN,2,PP,16,Live,
105912_MMN,1,PP,14,Live,
105912_MMN,2,PP,8,Live,
105912_MMN,1,PP,6,Live,
105912_MMN,1,PP,4,Live,
105912_MMN,2,PP,2,Live,
105912_MMN,1,DF,6,D3,
105912_MMN,1,DF,26,Live,
105912_MMN,1,PP,26,Live,
105320_MMN,1,DF,40,Live,
105320_MMN,2,PP,26,Live,
105320_MMN,1,DF,34,Live,
105320_MMN,1,DF,26,D2,
105320_MMN,1,PP,38,Live,
105320_MMN,3,DF,36,Live,
105320_MMN,1,DF,26,Live,
110098_DMN,1,DF,26,Live,
110098_DMN,8,BM,2,Live,All part of same cluster
110098_DMN,1,BM,4,Live,
110098_DMN,1,PP,8,Live,
110098_DMN,1,DF,24,Live,
110098_DMN,3,DF,14,Live,
110098_DMN,1,DF,16,D2,
110098_DMN,2,DF,18,Live,
110098_DMN,6,DF,12,Live,
103880_DMN,73,BM,2,Live,
103880_DMN,22,BM,4,Live,
103880_DMN,1,BM,6,Live,
103880_DMN,1,BM,6,D3,
103880_DMN,1,WA,2,Live,"Probably WL, variant Doc lists as White Alder / Madrone"
106310_MMN,11,BM,2,Live,
106310_MMN,2,BM,4,Live,
106310_MMN,1,DF,26,Live,
106310_MMN,1,DF,4,D1,
106310_MMN,1,DF,6,Live,
106310_MMN,1,DF,16,Live,
106310_MMN,1,DF,22,Live,
106310_MMN,1,DF,24,Live,
106310_MMN,1,DF,28,Live,
106310_MMN,1,BM,6,D3,
103244_DMN,1,DF,25,Live,
103244_DMN,1,PP,19,Live,
103244_DMN,1,PP,21,Live,
103244_DMN,1,PP,19,D3,
102998_DHN,2,DF,10,D3,
102998_DHN,2,DF,14,D3,
102998_DHN,2,DF,16,D3,
102998_DHN,1,PP,26,D3,
093104_MMN,3,DF,6,Live,
093104_MMN,2,DF,22,Live,
093104_MMN,4,DF,12,Live,
093104_MMN,2,DF,2,Live,
093104_MMN,5,DF,2,D2,
093104_MMN,3,DF,8,Live,
093104_MMN,4,DF,14,Live,
093104_MMN,1,PP,10,Live,
093104_MMN,1,PP,12,Live,
093104_MMN,2,DF,12,Live,
093104_MMN,2,DF,4,Live,
093104_MMN,1,PP,6,Live,
093782_DMN,4,PP,4,Live,
093782_DMN,1,DF,22,Live,
093782_DMN,2,DF,24,Live,
093782_DMN,1,DF,18,Live,
093782_DMN,1,PP,8,Live,
093782_DMN,1,DF,30,Live,
093782_DMN,2,PP,16,Live,
093782_DMN,2,PP,12,Live,
093782_DMN,2,DF,10,Live,
093782_DMN,1,DF,6,Live,
093782_DMN,1,PP,18,Live,
093782_DMN,1,DF,12,Live,
093782_DMN,1,DF,14,Live,
093782_DMN,1,PP,14,Live,
095094_CMN,8,DF,2,Live,
095094_CMN,2,DF,20,Live,
095094_CMN,3,DF,6,Live,
095094_CMN,1,AS,4,Live,
095094_CMN,1,DF,32,D3,
103757_MMN,1,PP,12,D1,
103757_MMN,4,DF,22,Live,
103757_MMN,1,GF,6,Live,
103757_MMN,2,GF,8,Live,
103757_MMN,1,PP,20,Live,
103757_MMN,2,GF,10,Live,
103757_MMN,3,GF,12,Live,
103757_MMN,2,GF,4,Live,
103757_MMN,2,GF,2,Live,
103757_MMN,1,GF,30,Live,
103757_MMN,1,PP,16,Live,
103757_MMN,1,PP,6,Live,
103757_MMN,1,PP,10,Live,
103757_MMN,1,DF,8,Live,
103757_MMN,1,DF,6,Live,
103757_MMN,2,DF,8,D2,BT
103757_MMN,1,PP,28,Live,
103757_MMN,2,DF,14,Live,
104221_DMN,40,BM,2,Live,
104221_DMN,7,BM,4,Live,
104221_DMN,1,PP,18,Live,
104221_DMN,1,PP,6,Live,
104221_DMN,2,PP,16,Live,
104221_DMN,1,PP,10,Live,
104221_DMN,4,BM,6,Live,
104221_DMN,1,DF,32,Live,
104221_DMN,1,DF,14,Live,
104221_DMN,1,DF,16,Live,
104221_DMN,2,DF,12,Live,
104221_DMN,3,BM,8,Live,
104221_DMN,1,DF,20,Live,
104221_DMN,1,DF,18,Live,
104221_DMN,1,DF,10,Live,
104221_DMN,3,PP,14,Live,
104221_DMN,1,PP,32,Live,
104221_DMN,1,DF,8,D2,
104221_DMN,1,BM,12,Live,
102098_MMN,2,GF,10,Live,
102098_MMN,2,GF,8,Live,
102098_MMN,2,GF,6,Live,
102098_MMN,1,GF,2,Live,
102098_MMN,40,BM,2,Live,
102098_MMN,2,BM,6,D3,
102098_MMN,6,BM,10,Live,
102098_MMN,6,BM,4,Live,
102098_MMN,1,GF,8,D3,
102098_MMN,1,GF,14,Live,
102098_MMN,1,DF,34,D3,
102098_MMN,4,DF,10,D3,
102098_MMN,2,DF,26,D3,
102098_MMN,1,DF,2,Live,
102098_MMN,2,DF,22,D3,
102098_MMN,1,DF,8,D3,
102098_MMN,1,DF,14,D3,
102101_DMN,1,PP,30,Live,
102101_DMN,1,PP,22,D3,
102101_DMN,2,DF,16,Live,
102101_DMN,1,DF,18,Live,
102101_DMN,1,DF,32,Live,
102101_DMN,1,DF,4,Live,
102101_DMN,1,DF,26,Live,
102101_DMN,1,DF,26,D2,
102101_DMN,7,BM,4,Live,
102101_DMN,17,BM,2,Live,
102066_DMN,2,PP,22,Live,
102066_DMN,2,PP,20,Live,
102066_DMN,3,BM,2,Live,
102066_DMN,2,DF,4,Live,
102066_DMN,2,DF,2,Live,
102066_DMN,2,DF,6,Live,
102066_DMN,2,DF,22,Live,
102066_DMN,2,DF,6,D3,
092866_CMN,1,DF,12,D3,
092866_CMN,6,DF,2,Live,
092866_CMN,1,DF,28,Live,
100296_DMN,1,LP,4,Live,almost dead
100296_DMN,1,PP,4,Live,
100296_DMN,1,PP,6,D3,
100296_DMN,1,PP,16,Live,
104431_MHN,1,DF,16,D3,BT
104431_MHN,1,DF,18,D3,BT
099119_MMN,2,DF,16,Live,
099119_MMN,2,DF,14,Live,
099119_MMN,1,DF,12,Live,
099119_MMN,1,DF,18,Live,
099119_MMN,1,PP,16,Live,
099119_MMN,1,DF,4,D3,
099119_MMN,1,PP,14,Live,
099119_MMN,1,PP,10,Live,
100963_DMS,1,PP,6,Live,
100963_DMS,2,DF,16,D3,BT
100963_DMS,1,PP,10,Live,
100963_DMS,2,DF,4,Live,
100963_DMS,3,DF,2,Live,
100963_DMS,1,DF,4,D3,
100963_DMS,1,DF,24,D3,BT
100963_DMS,1,PP,4,Live,
100963_DMS,2,DF,14,D3,BT
100963_DMS,1,DF,8,D3,BT
100963_DMS,1,PP,14,D3,BT
096590_DHS,5,LP,2,Live,
096590_DHS,7,LP,4,Live,
096590_DHS,1,DF,2,Live,
096590_DHS,2,PP,2,Live,
096590_DHS,4,LP,6,Live,
096590_DHS,1,DF,8,D3,
096590_DHS,3,LP,8,Live,
096590_DHS,1,PP,6,Live,
096590_DHS,1,LP,10,Live,
096590_DHS,1,DF,16,D3,
096590_DHS,1,PP,4,Live,
096439_MHS,3,PP,4,Live,
096439_MHS,2,PP,6,Live,
096439_MHS,2,DF,14,D3,
096439_MHS,8,LP,6,Live,
096439_MHS,3,DF,8,D3,
096439_MHS,2,DF,2,Live,
096439_MHS,1,DF,16,D3,
096439_MHS,2,DF,12,D3,
096439_MHS,2,LP,4,Live,
096439_MHS,1,DF,10,D3,
096439_MHS,1,PP,8,Live,
096439_MHS,1,LP,8,Live,
096439_MHS,1,DF,6,D3,
097017_DMS,117,LP,2,Live,
097017_DMS,29,LP,4,Live,
097017_DMS,2,DF,2,Live,
097017_DMS,1,DF,14,D3,BT
097017_DMS,2,PP,4,Live,
097017_DMS,1,DF,4,Live,
097017_DMS,1,PP,2,Live,
097538_MMN,11,DF,2,Live,
097538_MMN,1,DF,16,D3,
097538_MMN,2,DF,10,Live,
097538_MMN,1,PP,12,Live,
097538_MMN,1,DF,16,Live,
097538_MMN,1,DF,4,Live,
097538_MMN,1,LP,4,Live,
097538_MMN,1,LP,2,Live,
097538_MMN,1,PP,2,Live,
096394_MHS,37,LP,2,Live,
096394_MHS,83,LP,4,Live,
096394_MHS,17,LP,6,Live,
096394_MHS,2,DF,12,D3,
096394_MHS,1,DF,20,D3,
096394_MHS,1,DF,4,Live,
096394_MHS,4,DF,2,Live,
096394_MHS,1,DF,30,Live,
096394_MHS,3,PP,4,Live,
096394_MHS,1,PP,6,Live,
096394_MHS,1,DF,16,D3,BT
096394_MHS,1,PP,10,D3,BT
096394_MHS,2,DF,4,D3,
096517_DHS,44,LP,2,Live,
096517_DHS,67,LP,4,Live,
096517_DHS,18,LP,6,Live,
096517_DHS,47,DF,2,Live,
096517_DHS,7,PP,4,Live,
096517_DHS,1,PP,22,D3,
096517_DHS,21,DF,4,Live,
096517_DHS,10,PP,2,Live,
096517_DHS,3,DF,6,Live,
096517_DHS,2,PP,6,Live,
096517_DHS,1,DF,22,D3,
096517_DHS,1,DF,18,D3,
096517_DHS,1,DF,20,D3,
096517_DHS,1,DF,16,D3,BT
097203_DMS,1,DF,30,D3,BT
097203_DMS,2,PP,4,Live,
097203_DMS,1,PP,26,Live,
097203_DMS,1,PP,6,Live,
097021_DHS,3,LP,4,Live,
097021_DHS,4,DF,10,D3,BT
097021_DHS,3,LP,2,Live,
097021_DHS,1,DF,12,D3,BT
097021_DHS,1,DF,6,D3,BT
097021_DHS,3,PP,4,Live,
096166_DHS,2,LP,6,Live,
096166_DHS,5,PP,2,Live,
096166_DHS,10,PP,4,Live,
096166_DHS,6,PP,6,Live,
096166_DHS,5,PP,8,Live,
096166_DHS,1,PP,12,Live,
096166_DHS,1,PP,24,D3,BT
096166_DHS,2,DF,14,D3,BT
096166_DHS,1,DF,24,D3,
096166_DHS,2,PP,4,D1,
096213_MHS,6,PP,2,Live,
096213_MHS,10,PP,4,Live,
096213_MHS,14,PP,6,Live,
096213_MHS,4,LP,4,Live,
096213_MHS,1,LP,6,Live,
096213_MHS,4,PP,8,Live,
096213_MHS,1,DF,4,Live,
096213_MHS,1,PP,16,D3,BT
096526_MMN,1,DF,16,D3,BT
096526_MMN,1,PP,16,Live,
096526_MMN,1,PP,13,Live,
096526_MMN,1,PP,10,D3,BT
096526_MMN,1,DF,16,Live,
096526_MMN,1,PP,17,Live,
096526_MMN,1,PP,16,Live,
096219_MMN,1,PP,14,Live,
096219_MMN,1,PP,18,Live,
096219_MMN,1,PP,18,Live,
096049_MHN,5,PP,2,Live,
096049_MHN,16,PP,4,Live,
096049_MHN,5,PP,6,Live,
096049_MHN,3,LP,4,Live,
096049_MHN,4,LP,6,Live,
096049_MHN,4,DF,2,Live,
096049_MHN,6,DF,4,Live,
096049_MHN,2,PP,8,Live,
096049_MHN,1,DF,6,Live,
096049_MHN,1,PP,18,D3,BT
095892_CMN,1,PP,14,Live,
095892_CMN,1,DF,52,Live,
095892_CMN,1,PP,18,Live,
095892_CMN,1,PP,26,Live,
095892_CMN,16,AS,4,Live,
095892_CMN,10,AS,6,Live,
095892_CMN,2,AS,20,Live,
095892_CMN,2,AS,6,D3,
095892_CMN,17,AS,2,Live,
095892_CMN,3,RA,4,Live,
095892_CMN,1,RA,6,Live,
095892_CMN,4,AS,2,D3,
095892_CMN,2,OT,8,D3,
095892_CMN,1,DF,32,Live,
101328_CHN,1,PP,3,Live,
101328_CHN,4,DF,6,D3,
101328_CHN,4,OT,4,D3,
101328_CHN,1,DF,16,D3,
094569_MMN,1,DF,28,D1,
094569_MMN,1,DF,10,D3,
094526_DHN,1,OT,12,D3,
094526_DHN,1,PP,34,Live,
094526_DHN,8,BM,4,Live,multiple stems from same base
094526_DHN,3,BM,2,Live,multiple stems from same base
094526_DHN,1,DF,10,Live,
092470_MMN,3,PP,16,Live,
092470_MMN,2,PP,6,Live,
092470_MMN,1,PP,4,Live,
092470_MMN,1,PP,10,Live,
092470_MMN,3,PP,12,Live,
101255_MHN,1,PP,10,Live,
101255_MHN,3,PP,6,Live,
101255_MHN,2,PP,4,Live,
101255_MHN,2,PP,8,Live,
101255_MHN,1,DF,6,Live,
075276_MHS,24,PP,4,Live,
075276_MHS,15,DF,2,Live,
075276_MHS,8,PP,6,Live,
075276_MHS,19,DF,4,Live,
075276_MHS,1,DF,8,D3,
075276_MHS,2,DF,14,D3,
075276_MHS,7,PP,2,Live,
075276_MHS,1,DF,10,D3,
075276_MHS,2,OT,2,D3,
075276_MHS,1,OT,4,D3,
075237_MHS,2,PP,4,Live,
075237_MHS,1,DF,10,D3,
075237_MHS,5,DF,2,Live,
075237_MHS,2,PP,2,Live,
075237_MHS,2,DF,4,Live,
075237_MHS,1,DF,6,Live,
075566_MMS,2,DF,4,Live,
075566_MMS,9,PP,2,Live,
075566_MMS,29,PP,4,Live,
075566_MMS,4,PP,6,Live,
075449_DHS,16,PP,4,Live,
075449_DHS,11,DF,2,Live,
075449_DHS,17,PP,6,Live,
075449_DHS,2,PP,8,Live,
075449_DHS,3,DF,4,Live,
075449_DHS,4,PP,2,Live,
075449_DHS,1,PP,10,Live,
075449_DHS,1,DF,6,Live,
075451_MHS,1,DF,2,Live,
075451_MHS,1,PP,2,Live,
075451_MHS,1,PP,4,Live,
075669_DHS,4,PP,4,Live,
075669_DHS,1,PP,1,Live,
5799_CMS,2,WL,14,Live,
5799_CMS,2,WL,14,D2,
5799_CMS,2,WL,10,D2,
5799_CMS,1,DF,28,Live,
5799_CMS,5,WL,18,Live,
5799_CMS,1,WL,8,D3,
5799_CMS,9,WL,2,Live,
5799_CMS,1,WL,20,Live,
5799_CMS,1,OT,10,D3,
5799_CMS,8,DF,2,Live,
5799_CMS,1,DF,6,D3,
5799_CMS,8,LP,2,Live,
5799_CMS,1,WL,8,Live,
5799_CMS,1,WL,16,Live,
5799_CMS,1,LP,4,Live,
5647_CMS,3,WL,16,Live,
5647_CMS,9,WL,2,Live,
5647_CMS,3,WL,6,Live,
5647_CMS,13,WL,4,Live,
5647_CMS,1,WL,32,Live,
5647_CMS,1,DF,4,Live,
5647_CMS,8,DF,2,Live,
5647_CMS,4,DF,6,Live,
5647_CMS,8,DF,8,Live,
5647_CMS,2,DF,12,Live,
5647_CMS,1,DF,10,Live,
5647_CMS,1,DF,22,D1,
5647_CMS,8,LP,2,Live,
5647_CMS,3,LP,4,Live,
5647_CMS,1,LP,2,D1,
78893_CMS,1,PP,18,D3,BT
78893_CMS,1,DF,16,Live,
78893_CMS,1,DF,12,Live,
78893_CMS,2,DF,8,Live,
78893_CMS,3,DF,4,Live,
78893_CMS,4,DF,6,Live,
78893_CMS,1,PP,20,D3,BT
78893_CMS,1,DF,10,D2,
78893_CMS,2,DF,14,Live,
78893_CMS,1,OT,14,D3,BT
78893_CMS,1,DF,22,Live,
78871_DMS,1,DF,14,Live,
78871_DMS,1,WL,8,Live,
78871_DMS,1,PP,34,Live,
78871_DMS,33,WL,2,Live,
78871_DMS,21,WL,4,Live,
78871_DMS,29,DF,2,Live,
78871_DMS,4,LP,2,Live,
78871_DMS,3,PP,2,Live,
78871_DMS,6,PP,4,Live,
78871_DMS,2,LP,4,Live,
78871_DMS,5,DF,4,Live,
78871_DMS,1,DF,4,D2,
78871_DMS,1,PP,42,D3,BT
86248_CMS,52,WL,2,Live,
86248_CMS,1,DF,8,D3,
86248_CMS,2,DF,6,D3,
86248_CMS,1,DF,4,D3,
86248_CMS,1,DF,16,D3,
88272_DMN,2,DF,4,Live,
88272_DMN,1,DF,10,Live,
88272_DMN,2,WL,2,Live,
88272_DMN,2,DF,8,Live,
88272_DMN,2,DF,2,Live,
88272_DMN,1,DF,18,Live,
88272_DMN,2,DF,10,Live,
88272_DMN,3,DF,2,Live,
88272_DMN,2,DF,18,D3,
88272_DMN,1,DF,14,Live,
88272_DMN,2,DF,16,Live,
88272_DMN,1,DF,6,Live,
80175_CHS,24,LP,2,Live,
80175_CHS,31,LP,4,Live,
80175_CHS,1,DF,28,D2,BT
80175_CHS,1,DF,8,D3,
80175_CHS,1,DF,22,D3,BT
79564_DMN,10,DF,2,Live,
79564_DMN,16,DF,4,Live,
79564_DMN,36,LP,2,Live,
79564_DMN,14,LP,4,Live,
79564_DMN,4,WL,2,Live,
79564_DMN,1,LP,2,D3,
79564_DMN,1,LP,6,Live,
79564_DMN,2,DF,10,Live,
79564_DMN,1,DF,14,Live,
79564_DMN,1,DF,6,Live,
87566_DMN,1,DF,2,Live,
87566_DMN,3,DF,4,Live,
87566_DMN,2,DF,6,Live,
87566_DMN,5,DF,8,Live,
87566_DMN,3,DF,10,Live,
87566_DMN,3,DF,2,D3,
87566_DMN,3,DF,4,D3,
87566_DMN,3,DF,8,D2,
87566_DMN,3,DF,14,D2,
87566_DMN,2,DF,16,D2,
87566_DMN,1,DF,20,D2,
87566_DMN,2,DF,14,Live,
87566_DMN,4,DF,12,Live,
87566_DMN,1,DF,6,D3,
87566_DMN,1,DF,20,D3,
87566_DMN,1,DF,18,D3,
87160_CHS,27,WL,2,Live,
87160_CHS,10,WL,4,Live,
87160_CHS,24,DF,2,Live,
87160_CHS,6,LP,2,Live,
87160_CHS,2,LP,4,Live,
87160_CHS,2,OT,8,D3,
87160_CHS,1,OT,14,D3,
87160_CHS,6,AS,2,Live,
78436_CMS,6,WL,2,Live,
78436_CMS,1,WL,20,D3,
78436_CMS,1,LP,2,Live,
78436_CMS,2,WL,12,Live,
79078_CMS,532,LP,2,Live,
79078_CMS,39,LP,4,Live,
79078_CMS,20,WL,2,Live,
79078_CMS,1,WL,4,Live,
79078_CMS,15,LP,2,D1,
79078_CMS,2,DF,4,D3,
79078_CMS,1,WL,2,D3,
79078_CMS,1,LP,4,D1,
14209_DHN,378,ES,2,Live,
14209_DHN,72,ES,4,Live,
14209_DHN,3,ES,6,Live,
14209_DHN,15,WL,6,Live,
14209_DHN,1,DF,6,D3,
14209_DHN,17,LP,4,Live,
14209_DHN,3,LP,2,D2,
14209_DHN,6,LP,6,Live,
14209_DHN,1,WL,4,D2,
14209_DHN,2,DF,8,D3,
14209_DHN,1,OT,12,D3,
14209_DHN,14,WL,2,Live,
14209_DHN,1,SF,4,Live,
14209_DHN,16,WL,4,Live,
14209_DHN,2,DF,14,D3,
14209_DHN,6,DF,2,Live,
14209_DHN,11,LP,2,Live,
14209_DHN,1,DF,4,Live,
14209_DHN,4,RA,2,Live,
7520_CMN,1,WL,2,Live,
7520_CMN,2,WL,4,Live,
7520_CMN,72,RA,4,Live,
7520_CMN,40,RA,6,Live,
7520_CMN,101,RA,2,Live,
7520_CMN,6,RA,8,Live,
7520_CMN,1,RA,10,Live,
999901_DMN,2,DF,10,Live,
999901_DMN,1,DF,22,Live,
999901_DMN,2,WL,14,Live,
999901_DMN,1,DF,18,Live,
999901_DMN,4,WL,4,Live,
999901_DMN,42,DF,2,Live,
999901_DMN,7,DF,4,Live,
999901_DMN,9,WL,2,Live,
999901_DMN,1,DF,12,D3,
999901_DMN,1,DF,20,D3,
999901_DMN,2,DF,8,Live,
999901_DMN,2,DF,6,Live,
5445_DMN,18,DF,2,Live,
5445_DMN,3,DF,4,Live,
5445_DMN,1,WL,2,Live,
5445_DMN,1,PP,4,Live,
5445_DMN,2,DF,16,D3,BT
5445_DMN,1,DF,10,D3,
5445_DMN,2,DF,8,D3,BT
5445_DMN,1,DF,16,Live,
5445_DMN,1,PP,32,D3,
5445_DMN,1,DF,4,D2,
5445_DMN,1,DF,26,D3,
83089_CHN,51,LP,4,Live,
83089_CHN,4,LP,2,D2,
83089_CHN,25,DF,2,Live,
83089_CHN,11,WL,2,Live,
83089_CHN,10,WL,4,Live,
83089_CHN,1,DF,12,D3,
83089_CHN,1,DF,28,D3,
83089_CHN,19,AS,2,Live,
83089_CHN,47,LP,2,Live,
83089_CHN,1,OT,4,D3,
83089_CHN,1,OT,10,D3,
86919_CMN,74,LP,2,Live,
86919_CMN,5,LP,4,Live,
86919_CMN,10,SF,2,Live,
86919_CMN,8,SF,4,Live,
86919_CMN,8,WL,2,Live,
86919_CMN,1,DF,8,D3,
86919_CMN,2,WL,14,Live,
86919_CMN,2,WL,12,D3,
86919_CMN,2,WL,10,D3,
86919_CMN,3,WL,4,D3,
86919_CMN,1,WL,14,D3,
86919_CMN,3,WL,8,D3,
86919_CMN,1,OT,2,D3,
86919_CMN,1,WL,20,Live,
86919_CMN,1,WL,6,D3,
78789_DMS,39,DF,2,Live,
78789_DMS,31,DF,4,Live,
78789_DMS,8,DF,6,Live,
78789_DMS,13,WL,2,Live,
78789_DMS,20,WL,4,Live,
78789_DMS,2,DF,10,Live,
78789_DMS,1,DF,2,D3,
78789_DMS,2,WL,6,Live,
78789_DMS,2,DF,20,D3,
78789_DMS,1,DF,8,D3,
78789_DMS,1,PP,2,Live,
78789_DMS,1,PP,6,Live,
78789_DMS,1,DF,8,Live,
79379_CMN,1,WL,30,Live,
79379_CMN,1,WL,22,Live,
79379_CMN,1,WL,34,D3,BT
79379_CMN,1,DF,18,D3,BT
79379_CMN,1,WL,24,Live,
79379_CMN,1,DF,14,Live,
78303_DMS,1,DF,14,Live,
78303_DMS,1,DF,18,Live,
78303_DMS,1,WL,22,Live,
78303_DMS,1,WL,24,Live,
78303_DMS,1,DF,10,Live,
78303_DMS,2,DF,16,Live,
78303_DMS,1,DF,20,Live,
78303_DMS,1,DF,8,D1,BT
78303_DMS,1,DF,4,Live,
78303_DMS,3,DF,6,Live,
78303_DMS,1,WL,2,Live,
78323_DMS,1,DF,4,D3,
78323_DMS,2,DF,2,Live,
78323_DMS,6,DF,4,Live,
78323_DMS,5,DF,6,Live,
78323_DMS,1,WL,18,Live,
78323_DMS,1,WL,28,Live,
78323_DMS,2,DF,8,Live,
78323_DMS,1,DF,10,Live,
78323_DMS,6,WL,2,Live,
78323_DMS,1,WL,14,D2,BT
78323_DMS,1,DF,18,Live,
78323_DMS,1,WL,14,Live,
78323_DMS,1,WL,16,D2,BT
78323_DMS,1,DF,2,D3,
78323_DMS,1,DF,20,Live,
78323_DMS,2,WL,16,Live,
78323_DMS,1,WL,10,D2,BT
84386_CHS,27,WL,2,Live,
84386_CHS,41,LP,4,Live,
84386_CHS,4,AS,2,Live,
84386_CHS,21,LP,2,Live,
84386_CHS,26,WL,4,Live,
84386_CHS,3,DF,4,D3,
84386_CHS,2,LP,6,Live,
84386_CHS,40,DF,2,Live,
84386_CHS,3,PP,4,Live,
84386_CHS,1,DF,20,D3,
84386_CHS,1,PP,2,Live,
84386_CHS,3,PP,2,D2,
84386_CHS,1,LP,2,D1,
84386_CHS,2,WL,6,Live,
84386_CHS,1,WL,20,D3,
84386_CHS,1,WL,24,D3,BT
84386_CHS,1,LP,4,Live,
85196_CMS,63,DF,2,Live,
85196_CMS,8,DF,4,Live,
85196_CMS,20,WL,2,Live,
85196_CMS,19,WL,4,Live,
85196_CMS,12,LP,2,Live,
85196_CMS,30,LP,4,Live,
85196_CMS,3,OT,4,D3,
85196_CMS,4,DF,4,D3,
85196_CMS,4,DF,2,D3,
85196_CMS,1,WL,20,D3,
79948_CMN,20,WL,2,Live,
79948_CMN,1,DF,12,Live,
79948_CMN,1,DF,10,D3,
79948_CMN,1,DF,10,Live,
79948_CMN,1,DF,6,D2,
79948_CMN,4,DF,2,Live,
79948_CMN,1,WL,16,Live,
79948_CMN,6,LP,2,Live,
79948_CMN,1,DF,30,Live,
79948_CMN,1,WL,12,D2,
83076_DHN,2,DF,4,D3,
83076_DHN,3,WL,10,D3,
83076_DHN,1,DF,12,D3,
83076_DHN,2,LP,4,Live,
83076_DHN,4,LP,2,Live,
79534_CMN,1,WL,28,Live,
79534_CMN,1,WL,32,D3,
79534_CMN,3,DF,2,Live,
79534_CMN,1,WL,2,Live,
79534_CMN,1,DF,34,D3,BT
79534_CMN,1,WL,2,D1,
79534_CMN,1,DF,20,D3,BT
79534_CMN,1,DF,24,Live,
79534_CMN,1,AS,2,Live,
79534_CMN,5,RA,2,Live,
6011_CMN,1,PP,16,Live,
6011_CMN,26,WL,2,Live,
6011_CMN,33,DF,2,Live,
6011_CMN,12,PP,4,Live,
6011_CMN,8,WL,4,Live,
6011_CMN,2,DF,4,Live,
6011_CMN,1,PP,22,D3,
6011_CMN,15,PP,2,Live,
6011_CMN,1,DF,16,Live,
6011_CMN,1,DF,12,D2,
6011_CMN,1,DF,12,Live,
6011_CMN,1,PP,6,Live,
6011_CMN,1,WL,2,D1,
6011_CMN,1,PP,28,Live,
6011_CMN,1,DF,14,Live,
6011_CMN,1,WL,8,D3,
6011_CMN,1,WL,10,D3,
9118_CHN,2,PP,16,D3,
9118_CHN,1,PP,18,D3,
8896_DHN,2,PP,12,D3,
8896_DHN,1,PP,36,D3,
8896_DHN,1,DF,8,D3,
8896_DHN,1,PP,24,D3,
8896_DHN,1,DF,4,Live,
8896_DHN,1,LP,4,Live,
8896_DHN,2,DF,2,Live,
18446_CMN,217,LP,2,Live,
18446_CMN,136,LP,4,Live,
18446_CMN,22,LP,6,Live,
18446_CMN,37,DF,2,Live,
18446_CMN,18,DF,4,Live,
18446_CMN,1,DF,6,Live,
18446_CMN,1,WL,2,D1,
18446_CMN,19,WL,2,Live,
18446_CMN,20,WL,4,Live,
18446_CMN,8,WL,6,Live,
18446_CMN,1,LP,2,D1,
18446_CMN,1,LP,4,D1,
18446_CMN,2,WL,8,Live,
142089_MMS,1,DF,4,D3,
142089_MMS,2,WL,18,D1,
142089_MMS,23,WL,2,Live,
142089_MMS,2,LP,2,Live,
142094_MHS,8,OT,2,D3,
142094_MHS,4,OT,4,D3,
142094_MHS,1,OT,6,D3,
142094_MHS,8,WL,2,Live,
142094_MHS,1,OT,8,D3,BT
151167_DHS,3,LP,10,D3,
151167_DHS,4,LP,4,D3,
151167_DHS,3,LP,6,D3,
151167_DHS,3,OT,6,D3,
151167_DHS,3,LP,8,D3,
151167_DHS,3,WL,2,Live,
151167_DHS,1,OT,8,D3,
151167_DHS,2,DF,6,D3,
151167_DHS,1,DF,8,D3,
151167_DHS,1,OT,4,D3,
151167_DHS,1,OT,16,D3,
151167_DHS,1,DF,4,D3,
152204_DHN,4,DF,10,D3,
152204_DHN,2,LP,8,D3,
152204_DHN,14,LP,6,D3,
152204_DHN,5,LP,8,D3,
152204_DHN,1,WL,8,D3,
152204_DHN,31,LP,4,D3,
152204_DHN,13,OT,2,D3,
152204_DHN,3,DF,16,D3,
152204_DHN,1,LP,2,D3,
152204_DHN,1,DF,12,D3,
152204_DHN,5,OT,4,D3,
152204_DHN,4,OT,6,D3,
152204_DHN,2,SF,6,D3,
152204_DHN,1,OT,8,D3,
151547_CHN,5,LP,2,Live,
151547_CHN,3,OT,8,D3,
151547_CHN,4,LP,8,D3,
151547_CHN,1,DF,18,D3,
151547_CHN,4,SF,6,D3,
151547_CHN,8,LP,6,D3,
151547_CHN,1,DF,8,D3,
151547_CHN,2,WL,10,D3,
151547_CHN,1,DF,14,D3,
151547_CHN,1,SF,8,D3,
151547_CHN,1,DF,14,D3,
151547_CHN,1,SF,14,D3,
151547_CHN,1,DF,16,D3,
151547_CHN,1,LP,4,D3,
151547_CHN,1,SF,10,D3,
151453_DHN,3,DF,16,D3,
151453_DHN,1,DF,12,D3,
151453_DHN,1,DF,20,D3,
151453_DHN,5,LP,4,D3,
151453_DHN,3,DF,8,D3,
151453_DHN,7,LP,8,D3,
151453_DHN,6,LP,6,D3,
151453_DHN,5,LP,2,D3,
151453_DHN,3,OT,6,D3,
151453_DHN,3,DF,6,D3,
151453_DHN,1,DF,22,D3,
151453_DHN,1,OT,4,D3,
151453_DHN,1,DF,18,D3,
151453_DHN,1,OT,2,D3,
145501_CMN,1,DF,16,Live,
145501_CMN,1,SF,18,D3,BT
145501_CMN,1,DF,18,Live,BT
145501_CMN,1,ES,6,Live,
145501_CMN,1,WL,6,Live,
145501_CMN,1,DF,14,Live,
145501_CMN,1,DF,14,Live,
145501_CMN,1,SF,12,D3,BT
145501_CMN,2,DF,18,Live,
145501_CMN,1,LP,12,Live,
145501_CMN,1,SF,16,D3,BT
145501_CMN,1,ES,8,Live,
145501_CMN,1,WL,16,Live,
145501_CMN,1,AS,2,Live,
145501_CMN,1,DF,16,Live,
145501_CMN,1,DF,10,Live,
145501_CMN,1,WL,12,Live,
145501_CMN,1,WL,10,Live,
145501_CMN,2,ES,6,Live,
145501_CMN,1,LP,10,Live,
145501_CMN,1,LP,18,D2,BT
145501_CMN,1,SF,8,Live,
145501_CMN,1,SF,4,Live,
145501_CMN,1,SF,2,Live,
145501_CMN,1,ES,8,Live,
146422_CHN,13,WL,2,Live,
146422_CHN,1,DF,2,Live,
146422_CHN,1,LP,10,D3,BT
146422_CHN,1,LP,12,D3,BT
146422_CHN,1,WL,8,D3,BT
146422_CHN,1,DF,16,D3,BT
143900_DHS,4,DF,8,D3,BT
143900_DHS,4,LP,2,D3,
143900_DHS,1,WL,8,D3,BT
143900_DHS,12,WL,2,Live,
143900_DHS,4,LP,2,Live,
143900_DHS,1,WL,2,D3,BT
143900_DHS,2,LP,4,D3,BT
143900_DHS,1,OT,8,D3,BT
143900_DHS,1,LP,10,D3,BT
143891_MHS,81,LP,2,Live,
143891_MHS,70,WL,2,Live,
143891_MHS,8,AS,2,Live,
143891_MHS,3,LP,2,D3,
143891_MHS,1,LP,4,D3,BT
143891_MHS,1,DF,2,D3,BT
143891_MHS,1,DF,8,D3,BT
144066_DHS,320,WL,2,Live,
144066_DHS,28,LP,2,Live,
144066_DHS,23,AS,2,Live,
144066_DHS,3,SF,2,Live,
144066_DHS,1,DF,32,Live,
144066_DHS,1,DF,22,Live,
144066_DHS,1,DF,4,Live,
144066_DHS,1,SF,2,Live,
144066_DHS,1,DF,2,Live,
144066_DHS,1,WL,26,Live,
144066_DHS,1,DF,24,Live,
144066_DHS,1,DF,2,D2,
144066_DHS,1,DF,8,Live,
144469_MMN,1,DF,4,Live,
144469_MMN,1,DF,8,Live,
144469_MMN,1,DF,10,Live,
144469_MMN,8,DF,2,Live,
144469_MMN,1,LP,2,Live,
144469_MMN,1,WL,10,Live,
144469_MMN,1,WL,4,Live,
144469_MMN,1,WL,6,Live,
144469_MMN,3,DF,4,Live,
144469_MMN,1,DF,10,Live,
144469_MMN,3,WL,2,Live,
144469_MMN,2,WL,4,Live,
144469_MMN,1,SF,4,Live,
144469_MMN,1,LP,4,Live,
144469_MMN,1,SF,2,Live,
144469_MMN,1,DF,8,Live,
144469_MMN,1,WL,2,D3,
144469_MMN,6,DF,6,D2,
144469_MMN,2,OT,2,D3,
144469_MMN,1,OT,4,D3,FT
144469_MMN,2,OT,8,D3,BT
144469_MMN,2,OT,8,D3,BT
144469_MMN,1,OT,2,D3,
151286_DHS,1,WL,4,D3,
151286_DHS,15,WL,2,Live,
151286_DHS,1,OT,8,D3,
150203_DHS,1,WL,8,Live,
150203_DHS,4,WL,2,Live,
150203_DHS,1,DF,16,D3,
150280_MMS,87,WL,2,Live,
150280_MMS,10,AS,2,Live,
150280_MMS,2,LP,2,Live,
142655_MHS,43,WL,2,Live,
142655_MHS,1,OT,20,D3,hollow base
142655_MHS,2,OT,4,D3,
142655_MHS,1,OT,6,D3,
142655_MHS,1,LP,2,Live,
142655_MHS,1,OT,2,D3,
142655_MHS,1,OT,8,D3,
143096_DMS,2,WL,18,D2,
143096_DMS,2,DF,6,D3,BT
143096_DMS,1,WL,12,Live,
143096_DMS,53,WL,2,Live,
143096_DMS,15,LP,2,Live,
143096_DMS,1,ES,4,D3,
143096_DMS,1,WL,10,D3,
143096_DMS,1,WL,30,D2,
143643_MHS,316,WL,2,Live,
143643_MHS,24,LP,2,Live,
143643_MHS,6,DF,2,Live,
143643_MHS,10,AS,2,Live,
144753_MMS,96,WL,2,Live,
144753_MMS,16,LP,2,Live,
144753_MMS,45,SF,2,Live,
144753_MMS,5,DF,2,Live,
144753_MMS,1,DF,14,D3,BT
144753_MMS,1,WL,14,D3,
144753_MMS,1,DF,28,Live,
144753_MMS,2,DF,4,Live,
144753_MMS,2,SF,4,Live,
144753_MMS,2,ES,4,Live,
144753_MMS,1,OT,2,D3,
143994_MMN,1,WL,28,D3,
143994_MMN,2,WL,18,D3,
143994_MMN,1,DF,8,D3,
143994_MMN,5,DF,4,D3,
143994_MMN,10,RC,8,D3,
143994_MMN,8,WL,2,D3,
143994_MMN,14,DF,2,D3,
143994_MMN,12,RC,4,D3,
143994_MMN,4,RC,2,D3,
143994_MMN,8,WL,4,D3,
143994_MMN,6,WL,6,D3,
143994_MMN,3,WL,10,D3,
143994_MMN,5,DF,6,D3,
143994_MMN,3,DF,12,D3,
143994_MMN,2,WL,12,Live,
143994_MMN,3,WL,10,Live,
143994_MMN,5,WL,8,Live,
143994_MMN,2,WL,6,Live,
143994_MMN,4,RC,4,Live,
143994_MMN,1,DF,16,Live,
143994_MMN,2,DF,10,Live,
146740_MHN,1,DF,22,Live,
146740_MHN,1,DF,8,Live,
146740_MHN,1,DF,6,Live,
146740_MHN,1,DF,32,Live,
146740_MHN,1,DF,24,Live,
146740_MHN,1,DF,12,Live,
146740_MHN,1,OT,12,D3,
146740_MHN,1,OT,10,D3,
151435_CHS,143,WL,2,Live,
151435_CHS,6,AS,2,Live,
151435_CHS,2,LP,2,Live,
151435_CHS,1,DF,2,Live,
144584_MHS,1,WL,4,D2,
144584_MHS,1,OT,6,D3,
144584_MHS,3,RC,2,D2,
144584_MHS,1,RC,6,D2,
144584_MHS,1,SF,4,D3,
144584_MHS,1,DF,20,D3,
144794_MHS,1,RC,2,D3,
144794_MHS,1,RC,4,D3,
144794_MHS,4,RC,6,D3,
144794_MHS,1,RC,8,D3,
144794_MHS,12,OT,2,D3,
144794_MHS,2,OT,6,D3,BT
144794_MHS,1,OT,4,D3,
150402_MHN,1,WL,8,D3,
150402_MHN,2,LP,6,D3,
150402_MHN,1,LP,4,D3,
150402_MHN,4,LP,8,D3,
150402_MHN,1,OT,4,D3,BT
150393_MHS,183,WL,2,Live,
150393_MHS,48,LP,2,Live,
150393_MHS,1,DF,28,D3,BT
150393_MHS,4,AS,2,Live,
150180_MHS,1,LP,1.9,Live,severe open wounds
150180_MHS,13,WL,2,Live,
150180_MHS,1,OT,6,D3,BT
150180_MHS,1,RC,6,D3,
150180_MHS,1,RC,2,D3,
142455_MMS,62,WL,2,Live,
142455_MMS,1,WL,12,D3,BT
142455_MMS,1,WL,10,D3,BT
142455_MMS,1,OT,8,D3,BT
142283_DMS,65,WL,2,Live,
142283_DMS,1,AS,1.4,Live,
142283_DMS,1,RC,4,D2,BT
142283_DMS,3,RC,6,D2,
142283_DMS,1,RC,8,D2,
142283_DMS,1,RC,6,D3,BT
141866_MMS,100,WL,2,Live,
141866_MMS,2,WL,4,Live,
141866_MMS,3,LP,2,Live,
141866_MMS,2,RC,6,D2,
141866_MMS,5,AS,2,Live,
057666_CHN,52,DF,2,Live,
057666_CHN,19,DF,4,Live,
057666_CHN,2,DF,6,Live,
057666_CHN,30,GF,2,Live,
057666_CHN,4,GF,4,Live,
057666_CHN,2,WL,2,Live,
057666_CHN,1,WL,20,D3,
057666_CHN,3,LP,2,Live,
057666_CHN,2,LP,4,Live,
057666_CHN,2,SF,2,Live,
052846_MMN,33,DF,2,Live,
052846_MMN,4,SF,2,Live,
052846_MMN,3,SF,4,Live,
052846_MMN,1,LP,4,Live,
052846_MMN,16,DF,4,Live,
052846_MMN,3,PP,4,Live,
052846_MMN,2,PP,10,Live,
052846_MMN,3,DF,8,Live,
052846_MMN,2,DF,6,Live,
052846_MMN,1,GF,2,Live,
073131_DMS,1,PP,6,Live,
064555_MMN,2,PP,4,Live,
056945_MHN,1,LP,2,Live,
056945_MHN,1,LP,4,Live,
056945_MHN,3,DF,2,Live,
056945_MHN,3,PP,6,Live,
056945_MHN,5,PP,4,Live,
056945_MHN,3,DF,4,Live,
053850_CMN,82,LP,4,Live,
053850_CMN,101,LP,2,Live,
053850_CMN,3,LP,4,D3,
053850_CMN,1,LP,2,D3,
053850_CMN,5,OT,6,D3,
053850_CMN,5,LP,12,D3,
053850_CMN,1,LP,14,D3,
053850_CMN,1,OT,2,D3,
053850_CMN,2,LP,8,D3,
053850_CMN,1,OT,8,D3,
053850_CMN,1,OT,8,D2,
052618_CHN,46,DF,4,Live,
052618_CHN,52,LP,4,Live,
052618_CHN,33,DF,2,Live,
052618_CHN,27,LP,2,Live,
052618_CHN,11,DF,6,Live,
052618_CHN,54,LP,6,Live,
052618_CHN,5,LP,8,Live,
052618_CHN,1,GF,2,Live,
052618_CHN,5,PP,4,Live,
052618_CHN,2,LP,12,D3,
052618_CHN,3,OT,2,D3,
052618_CHN,1,DF,4,D2,
052618_CHN,1,LP,6,D1,
067057_MMN,1,DF,20,Live,
067057_MMN,1,DF,32,Live,
067057_MMN,2,DF,4,Live,
067057_MMN,1,GF,12,Live,
053424_CHN,325,LP,2,Live,
053424_CHN,219,LP,4,Live,
053424_CHN,3,DF,2,Live,
053424_CHN,3,OT,12,D3,
053424_CHN,1,OT,8,D3,
053424_CHN,1,LP,6,Live,
053424_CHN,1,LP,6,D3,
053424_CHN,1,OT,10,D2,
053352_CHN,27,LP,4,Live,
053352_CHN,14,LP,6,Live,
053352_CHN,10,DF,2,Live,
053352_CHN,7,LP,2,Live,
053352_CHN,4,LP,10,D3,
053352_CHN,2,LP,8,D3,
053352_CHN,1,DF,4,Live,
053352_CHN,4,LP,12,D3,
053352_CHN,3,LP,6,D3,
053352_CHN,1,SF,2,Live,
142348_MMN,1,DF,18,D3,
142348_MMN,1,DF,10,D3,
142348_MMN,1,RC,20,D3,
142348_MMN,3,RC,8,D3,
142348_MMN,1,RC,18,D3,FT
142348_MMN,1,RC,14,Live,almost dead
142348_MMN,1,OT,12,D3,
053372_CHN,445,LP,2,Live,
053372_CHN,2,LP,8,D3,
049617_CHN,11,LP,2,Live,
049617_CHN,47,LP,4,Live,
049617_CHN,46,LP,6,Live,
049617_CHN,15,GF,2,Live,
049617_CHN,16,DF,2,Live,
049617_CHN,14,DF,4,Live,
049617_CHN,2,OT,6,D3,BT
049617_CHN,2,DF,6,Live,
049617_CHN,1,DF,36,D3,BT
049617_CHN,12,LP,8,Live,
049617_CHN,2,GF,4,Live,
049617_CHN,2,OT,8,D3,BT
049617_CHN,1,OT,12,D3,BT
054505_MHN,120,DF,2,Live,
054505_MHN,1,DF,50,D3,
054505_MHN,63,DF,4,Live,
054505_MHN,1,DF,48,D3,
054505_MHN,1,LP,6,Live,
054505_MHN,2,DF,8,Live,
054505_MHN,2,SF,6,Live,
054505_MHN,4,SF,8,Live,
054505_MHN,2,SF,4,Live,
054505_MHN,1,SF,2,Live,
046653_CHN,1,LP,6,Live,
046653_CHN,4,PP,6,Live,
046653_CHN,1,PP,4,Live,
046653_CHN,1,PP,8,Live,
046653_CHN,1,DF,4,Live,
046653_CHN,1,DF,2,Live,
046788_CMN,1,LP,2,Live,
046788_CMN,3,LP,4,Live,
046788_CMN,4,DF,2,Live,
046788_CMN,10,DF,4,Live,
046788_CMN,18,GF,2,Live,
046788_CMN,11,GF,4,Live,
046788_CMN,2,LP,6,Live,
046788_CMN,4,DF,6,Live,
050173_CHN,104,LP,2,Live,
050173_CHN,3,LP,4,Live,
050173_CHN,5,DF,2,Live,
050173_CHN,1,OT,10,D3,
050173_CHN,1,DF,10,D3,
050173_CHN,2,DF,8,D3,
050173_CHN,2,DF,6,D3,
052714_DHN,1,PP,2,Live,
052714_DHN,1,PP,12,D3,
075046_MMS,14,DF,2,Live,
075046_MMS,15,DF,4,Live,
075046_MMS,1,DF,6,Live,
075046_MMS,6,PP,2,Live,
075046_MMS,13,PP,4,Live,
075046_MMS,2,PP,6,Live,
075046_MMS,1,DF,4,D2,
075046_MMS,1,DF,10,D3,
075049_DHS,14,PP,4,Live,
075049_DHS,15,DF,2,Live,
075049_DHS,1,DF,8,D3,
075049_DHS,13,DF,4,Live,
075049_DHS,3,DF,6,D3,
075049_DHS,2,DF,10,D3,
075049_DHS,1,DF,6,Live,
075049_DHS,1,DF,6,D3,
075095_MHS,15,DF,2,Live,
075095_MHS,19,DF,4,Live,
075095_MHS,2,DF,4,D3,
075095_MHS,13,PP,4,Live,
075095_MHS,3,PP,2,Live,
075095_MHS,3,DF,6,Live,
075095_MHS,1,DF,8,Live,
075256_DHS,12,DF,2,Live,
075256_DHS,17,DF,4,Live,
075256_DHS,3,DF,6,Live,
075256_DHS,2,PP,2,Live,
075256_DHS,18,PP,4,Live,
075256_DHS,8,PP,6,Live,
075256_DHS,1,DF,8,D3,
075256_DHS,1,PP,10,Live,
076213_DHS,2,DF,2,D3,
076213_DHS,2,DF,18,D3,
076213_DHS,2,DF,6,D3,
076213_DHS,1,DF,10,D3,
076213_DHS,1,DF,12,D3,
076213_DHS,1,PP,4,Live,
076213_DHS,1,DF,4,D3,
076166_MMS,1,DF,4,Live,
076166_MMS,1,PP,4,Live,
076166_MMS,1,DF,2,Live,
076104_DMS,1,PP,6,Live,
076128_DMS,1,PP,6,Live,
076128_DMS,1,PP,8,Live,
047908_MHN,2,DF,10,D3,BT
047908_MHN,3,LP,6,D3,
047908_MHN,1,DF,12,D3,BT
047908_MHN,3,DF,8,D3,BT
047908_MHN,12,LP,2,Live,
047652_MHN,611,LP,2,Live,
047652_MHN,12,DF,2,Live,
047652_MHN,11,LP,4,Live,
047652_MHN,2,DF,8,D3,
047652_MHN,1,DF,10,D3,
047389_MMN,211,PP,2,Live,
047389_MMN,6,DF,4,Live,
047389_MMN,2,DF,12,D3,BT
047389_MMN,12,DF,2,Live,
047389_MMN,14,PP,4,Live,
047389_MMN,2,PP,6,Live,
047389_MMN,3,LP,2,Live,
047389_MMN,3,GF,2,Live,
047389_MMN,1,DF,16,D3,
046968_CMN,105,DF,2,Live,
046968_CMN,2,DF,14,Live,
046968_CMN,18,LP,2,Live,
046968_CMN,11,PP,2,Live,
046968_CMN,4,LP,4,Live,
046968_CMN,6,GF,2,Live,
046968_CMN,2,GF,4,Live,
046968_CMN,1,DF,32,Live,
046968_CMN,1,PP,20,Live,
046968_CMN,1,GF,18,Live,
075880_MMS,1,DF,4,Live,
050578_MMN,41,DF,2,Live,
050578_MMN,1,DF,18,Live,
050578_MMN,23,LP,2,Live,
050578_MMN,7,DF,4,Live,
050578_MMN,2,DF,10,D3,
050578_MMN,1,DF,12,D3,
050578_MMN,1,DF,6,D3,
050578_MMN,1,DF,14,Live,
050578_MMN,1,DF,10,Live,
050578_MMN,1,DF,8,Live,
050820_MHN,128,PP,2,Live,
050820_MHN,62,LP,2,Live,
050820_MHN,1,DF,2,Live,
050820_MHN,17,PP,4,Live,
050820_MHN,9,LP,4,Live,
050820_MHN,1,OT,6,D3,
050820_MHN,1,DF,4,Live,
80738_CHN,1171,LP,2,Live,Not a miss-type. There's a lot of trees!
80738_CHN,2,LP,2,D3,
80738_CHN,1,WL,6,D3,
80738_CHN,1,WL,8,D3,
80738_CHN,2,WL,10,D3,
80738_CHN,1,WL,12,D3,
80738_CHN,2,WL,16,D3,
80738_CHN,2,OT,12,D3,
80738_CHN,1,OT,10,D3,
80738_CHN,1,WL,2,Live,
80561_CHS,40,WL,2,Live,
80561_CHS,6,WL,4,Live,
80561_CHS,4,WL,2,D3,
80561_CHS,5,DF,2,Live,
80561_CHS,1,DF,4,Live,
80561_CHS,1,DF,12,D3,
80561_CHS,53,LP,2,Live,
80561_CHS,74,LP,4,Live,
80561_CHS,5,LP,6,Live,
80561_CHS,2,LP,2,D2,
80561_CHS,1,PP,20,D3,
80561_CHS,1,PP,8,D3,
80561_CHS,3,PP,18,D3,
80561_CHS,2,PP,22,D3,
24976_CHN,405,LP,2,Live,
24976_CHN,143,LP,4,Live,
24976_CHN,2,LP,6,Live,
24976_CHN,3,PP,2,Live,
24976_CHN,2,PP,4,Live,
24976_CHN,1,PP,8,Live,
24976_CHN,1,WL,2,Live,
24976_CHN,1,WL,4,D3,
24976_CHN,2,WL,8,D3,
24976_CHN,1,DF,2,Live,
27971_CMN,23,DF,2,Live,
27971_CMN,12,DF,4,Live,
27971_CMN,26,WL,2,Live,
27971_CMN,13,WL,4,Live,
27971_CMN,2,WL,2,D3,
27971_CMN,2,WL,14,Live,
27971_CMN,3,LP,2,Live,
131141_CHN,2,DF,14,D2,
131141_CHN,6,AS,2,Live,
131141_CHN,1,DF,18,D2,
131141_CHN,1,PP,20,D2,
131141_CHN,1,DF,16,D2,BT
130925_CHN,2,PP,20,D3,
130925_CHN,4,DF,14,D2,
130925_CHN,1,DF,12,D2,
130925_CHN,1,DF,20,D2,
130925_CHN,1,DF,16,D2,
148948_MMN,1,ES,6,Live,
148948_MMN,2,ES,2,Live,
148948_MMN,1,ES,8,Live,
148948_MMN,2,ES,4,Live,
148948_MMN,1,WL,14,Live,
148948_MMN,1,RC,8,Live,
148948_MMN,6,RC,2,Live,
148948_MMN,1,RC,4,Live,
148948_MMN,1,RC,6,Live,
148948_MMN,2,AS,2,Live,
148948_MMN,1,BH,2,Live,Birch
148948_MMN,1,LP,8,Live,
148948_MMN,1,DF,10,Live,
148948_MMN,1,DF,6,D3,
148948_MMN,1,DF,4,D3,
148948_MMN,1,DF,8,Live,
148948_MMN,2,WL,12,Live,
148948_MMN,1,WL,10,Live,
148948_MMN,1,WL,8,Live,
148948_MMN,1,DF,6,Live,
148948_MMN,1,DF,12,Live,
148948_MMN,1,DF,2,D2,
149492_CHN,59,WL,2,Live,
149492_CHN,3,AS,2,Live,
149492_CHN,2,LP,2,Live,
149492_CHN,3,LP,4,Live,
149492_CHN,1,RC,14,D2,
134471_DHN,1,DF,8,D3,
131853_CMN,1,DF,16,D3,BT
131853_CMN,1,DF,12,Live,mistletoe
131853_CMN,1,DF,10,Live,mistletoe
131853_CMN,1,PP,38,Live,dead top
131853_CMN,1,PP,40,Live,
131853_CMN,1,DF,18,Live,
134794_DMN,2,DF,10,Live,mistletoe
134794_DMN,1,DF,4,Live,
134794_DMN,9,DF,2,D3,
134794_DMN,1,DF,6,D2,
134794_DMN,1,DF,22,Live,
134794_DMN,3,DF,12,Live,mistletoe
134794_DMN,1,DF,14,Live,
134794_DMN,2,DF,8,Live,
134794_DMN,2,PP,18,Live,
134794_DMN,4,PP,16,Live,
134794_DMN,2,PP,12,Live,
134794_DMN,1,PP,8,Live,
134794_DMN,2,PP,14,Live,
134794_DMN,2,DF,2,Live,
134794_DMN,2,DF,6,Live,
135238_DMN,1,PP,8,Live,
135238_DMN,4,DF,2,D3,
135238_DMN,3,PP,10,Live,
135238_DMN,5,DF,4,Live,
135238_DMN,1,DF,12,D3,BT
135238_DMN,2,DF,10,D3,BT
135238_DMN,1,PP,20,Live,
135238_DMN,2,DF,6,Live,
135238_DMN,2,DF,2,Live,
135238_DMN,6,PP,2,Live,
135238_DMN,1,DF,10,Live,
135238_DMN,2,DF,8,Live,
135238_DMN,1,PP,6,Live,
135238_DMN,1,PP,16,Live,
135238_DMN,1,DF,14,D2,mistletoe
135238_DMN,1,DF,16,Live,dead top
130251_CMN,1,DF,26,Live,mistletoe
130251_CMN,1,DF,4,D2,
130251_CMN,15,RA,2,Live,
130251_CMN,20,RA,4,Live,
130251_CMN,1,RA,6,Live,
130351_DHN,1,DF,24,D2,
130351_DHN,2,DF,14,Live,mistletoe
005560_CMS,48,WL,2,Live,
005560_CMS,35,WL,4,Live,
005560_CMS,13,WL,6,Live,
005560_CMS,2,WL,8,Live,
005560_CMS,1,WL,8,D3,
005560_CMS,2,LP,2,Live,
005560_CMS,9,LP,4,Live,
005560_CMS,5,LP,6,Live,
005560_CMS,1,LP,8,Live,
005560_CMS,1,PP,2,Live,
005560_CMS,1,DF,14,Live,
005560_CMS,55,DF,2,Live,
005560_CMS,7,DF,4,Live,
005560_CMS,1,DF,8,Live,
005560_CMS,1,DF,18,Live,
005560_CMS,3,ES,2,Live,
008124_CHN,19,WL,2,Live,
008124_CHN,9,WL,4,Live,
008124_CHN,39,LP,2,Live,
008124_CHN,7,LP,4,Live,
008124_CHN,1,LP,6,Live,
008124_CHN,1,LP,2,D2,
008124_CHN,1,WL,6,D3,
144496_MMN,3,DF,8,Live,
144496_MMN,2,DF,6,D2,
144496_MMN,1,DF,8,D1,
144496_MMN,1,DF,4,Live,
144496_MMN,2,DF,10,Live,
144496_MMN,2,DF,12,Live,
144496_MMN,1,DF,14,Live,
144496_MMN,2,WL,10,Live,
144496_MMN,1,WL,6,D2,
144496_MMN,2,WL,8,Live,
144496_MMN,1,WL,6,Live,
144496_MMN,1,WL,2,D2,
144496_MMN,1,WL,6,D3,
144496_MMN,1,WL,10,D2,
144496_MMN,1,WL,2,Live,
144496_MMN,2,DF,12,D3,BT
144496_MMN,1,WL,12,D3,BT
144496_MMN,1,DF,12,D2,
144419_MHN,1,OT,18,D3,BT
144419_MHN,2,WL,4,D3,
144419_MHN,2,OT,2,D3,
144419_MHN,1,WL,6,D3,
144419_MHN,2,WL,8,D3,
144419_MHN,2,WL,10,D3,
144419_MHN,1,DF,4,D3,
144419_MHN,1,OT,2,D3,BT
144419_MHN,4,LP,2,Live,
144419_MHN,1,OT,12,D3,
144419_MHN,1,OT,6,D3,
144419_MHN,3,OT,8,D3,
144419_MHN,1,OT,4,D3,
144419_MHN,1,RC,26,D3,BT. Hollowed out
144419_MHN,1,RC,18,D3,BT. Hollowed out
144419_MHN,1,RC,2,D3,
144419_MHN,1,RC,6,D3,
144419_MHN,1,RC,8,D3,
144419_MHN,1,WL,2,Live,
144419_MHN,1,DF,10,D3,
144419_MHN,1,DF,26,D3,BT. Hollowed out
145155_MMN,1,DF,16,D2,mistletoe
145155_MMN,2,ES,4,Live,
145155_MMN,3,ES,2,Live,
145155_MMN,1,DF,2,Live,
145155_MMN,24,WL,2,Live,
145155_MMN,1,WL,4,Live,
145155_MMN,2,DF,12,Live,
145155_MMN,1,SF,4,Live,
145155_MMN,2,ES,6,Live,
145155_MMN,1,DF,14,D3,BT
145155_MMN,1,WL,24,Live,
145155_MMN,1,WL,18,Live,
145155_MMN,1,WL,6,D3,
145155_MMN,1,DF,16,D3,BT
145155_MMN,1,DF,4,D3,
145155_MMN,2,DF,14,D3,BT
150206_CMS,187,WL,2,Live,
150206_CMS,1,LP,2,Live,
150206_CMS,8,AS,2,Live,
150206_CMS,1,WL,6,Live,
150206_CMS,1,ES,6,Live,
150206_CMS,3,WL,4,Live,
150206_CMS,1,DF,2,Live,
150206_CMS,9,RC,2,Live,
150206_CMS,1,ES,4,Live,
150206_CMS,1,DF,6,Live,
150206_CMS,1,RC,28,Live,
150206_CMS,1,RC,6,Live,
150206_CMS,1,DF,4,Live,
150206_CMS,1,RC,12,Live,
150206_CMS,4,ES,4,Live,
150206_CMS,1,SF,6,Live,
150206_CMS,1,DF,8,Live,
150206_CMS,1,DF,12,Live,
150206_CMS,1,RC,16,Live,
150206_CMS,1,DF,2,D2,
150206_CMS,1,SF,4,Live,
150206_CMS,1,DF,18,D3,
150638_MHN,12,LP,2,Live,
150638_MHN,1,LP,4,Live,
150638_MHN,8,AS,2,Live,
150638_MHN,7,WL,2,Live,
150638_MHN,3,OT,12,D3,
150638_MHN,1,OT,8,D3,
150638_MHN,2,OT,14,D3,
151641_CHS,14,WL,2,Live,
151641_CHS,12,LP,2,Live,
151641_CHS,1,OT,14,D3,
120242_CMN,2,DF,14,Live,
120242_CMN,2,DF,16,Live,
120242_CMN,1,DF,6,D3,
120242_CMN,1,DF,12,Live,mistletoe
120242_CMN,1,DF,4,D2,
120242_CMN,1,DF,20,Live,
120242_CMN,1,PP,22,Live,
120242_CMN,1,PP,24,Live,
120242_CMN,1,PP,10,Live,
45742_DHN,71,DF,2,Live,
45742_DHN,21,DF,4,Live,
45742_DHN,6,DF,6,Live,
45742_DHN,97,LP,2,Live,
45742_DHN,83,LP,4,Live,
45742_DHN,37,LP,6,Live,
45742_DHN,1,WL,8,Live,
45742_DHN,7,LP,8,Live,
45742_DHN,2,OT,8,D3,
45742_DHN,1,DF,10,D3,
45742_DHN,1,WL,14,D3,
45742_DHN,1,WL,2,Live,
45742_DHN,2,WL,4,Live,
45742_DHN,1,LP,2,D2,
136957_DHN,2,DF,2,D2,
136957_DHN,3,DF,12,D2,
136957_DHN,2,DF,4,D2,
136957_DHN,4,DF,16,D2,
132664_DHN,4,DF,6,D2,
132664_DHN,2,DF,8,D2,
132664_DHN,9,DF,2,D2,
132664_DHN,6,DF,4,D2,
132464_CHN,3,OT,20,D3,
132464_CHN,3,DF,4,D3,
132464_CHN,1,DF,20,D2,
132464_CHN,1,DF,6,D2,
132272_CHN,3,DF,8,D2,
132272_CHN,2,DF,10,D2,
132272_CHN,4,DF,6,D2,
132272_CHN,1,DF,4,D2,
132272_CHN,1,DF,14,D2,
134154_DMN,2,PP,4,Live,
134154_DMN,1,PP,6,Live,
134154_DMN,1,DF,16,Live,
134154_DMN,1,DF,8,Live,
134154_DMN,1,DF,8,D2,
134154_DMN,1,DF,6,Live,
134154_DMN,1,PP,8,Live,
134154_DMN,1,DF,10,D3,BT
134154_DMN,2,DF,10,D3,
134154_DMN,3,DF,6,D3,
134154_DMN,1,DF,2,D3,
134154_DMN,2,DF,10,Live,
134154_DMN,2,PP,10,Live,
133321_DMN,1,DF,14,Live,
133321_DMN,1,DF,8,D3,
133321_DMN,2,DF,4,D3,
133321_DMN,1,DF,18,D3,
133321_DMN,1,DF,6,D3,BT
133321_DMN,1,PP,22,Live,bark beetle infested
133321_DMN,1,DF,2,Live,
133321_DMN,1,DF,8,Live,
139331_DMN,1,DF,4,D3,
139331_DMN,1,PP,8,Live,
139331_DMN,1,PP,14,Live,
139331_DMN,1,DF,10,Live,
139331_DMN,2,PP,18,Live,
139331_DMN,1,PP,22,Live,
139331_DMN,2,PP,16,Live,
139331_DMN,1,PP,8,D2,
139331_DMN,2,PP,24,Live,
139331_DMN,1,DF,18,Live,
139331_DMN,1,PP,10,D3,
139331_DMN,1,PP,26,Live,diseased by beetles
159805_MHN,5,DF,6,Live,
159805_MHN,16,DF,2,Live,
159805_MHN,8,DF,4,Live,
159805_MHN,10,PP,4,Live,
159805_MHN,1,GF,4,Live,
159805_MHN,3,PP,10,Live,
159805_MHN,2,DF,12,Live,
159805_MHN,3,PP,8,Live,
159805_MHN,2,DF,8,Live,
159805_MHN,2,DF,14,Live,
159805_MHN,1,PP,6,Live,
159805_MHN,1,PP,4,Live,
159805_MHN,1,PP,12,Live,
159805_MHN,1,GF,8,Live,
159805_MHN,1,DF,16,Live,
159805_MHN,1,GF,6,Live,
