Plot_ID,Date,Abandoned,Planted,PCT,Salvage,Seed_Sap,GPS_ID,Y_UTM,X_UTM,Time_On,Time_Off,Fuel_Model,Moved,Notes
159805_MHN,11/6/2017,0,0,0,1,L,00282_159805_MHN,5159900.366,193954.0451,11:41 AM,12:19 PM,GR2,0,Evidence of salvage logging. Plot should be resampled due to heavy snow cover making for inaccurate estimates of seedlings and veg transects
110508_DMN,10/4/2017,0,0,0,0,L,00255_110508_DMN,5271440.136,220919.7312,9:38 AM,10:08 AM,GS2,1,Plot found on popular hiking trail and moved 56 ft 92 degrees. Future crews should have paperwork/permits they will be questioned on why they're here.
110455_MMN,10/4/2017,0,0,0,0,L,00255_110455_MMN,5271482.279,220951.1142,11:07 AM,11:51 AM,TU2,0,All snags with snapped tops from windthrow. Doesn't seem very mesic
110098_DMN,10/4/2017,0,0,0,0,L,00255_110098_DMN,5271694.539,221087.1731,1:25 PM,2:07 PM,TU1,0,West quadrants are more open with mostly grass. East quadrants have more mountain misery
076213_DHS,9/20/2017,0,0,0,0,L,00282_076213_DHS,5272677.356,247269.9396,9:07 AM,9:38 AM,GS3,0,No evidence of salvage logging
076166_MMS,9/20/2017,0,0,0,1,L,00282_076166_MMS,5272772.28,247283.9654,10:14 AM,10:44 AM,GS3,0,
076104_DMS,9/20/2017,0,0,0,1,L,00282_076104_DMS,5272841.856,247174.143,12:47 PM,1:17 PM,GS3,0,
106403_MMN,10/5/2017,0,0,0,0,L,00255_106403_MMN,5272845.89,217147.0537,2:49 PM,3:24 PM,SH9/TU1,0,Significant difference upslope and downslope of plot center. NW quadrant is dry with sparse veg and SE quadrant is very mesic with dense overlapping shrubs
076128_DMS,9/20/2017,0,0,0,1,L,00282_076128_DMS,5272863.348,247415.4705,11:12 AM,11:42 AM,GS3,0,
106310_MMN,10/4/2017,0,0,0,0,L,00282_106310_MMN,5272955.5,217558.6709,3:31 PM,4:03 PM,SH8,1,Plot relocated 11m 110 degrees due to seasonal stream. Deer trails present. Mature DF only in South and West quadrants
075916_DHS,9/20/2017,0,0,0,1,L,00282_075916_DHS,5272979.054,246812.8491,4:22 PM,4:52 PM,SH8,0,
105912_MMN,10/5/2017,0,0,0,0,L,00255_105912_MMN,5272996.074,217148.2808,12:43 PM,1:28 PM,SH4,0,Marsh 150 ft away
075880_MMS,9/20/2017,0,0,0,1,L,00282_075880_MMS,5273034.236,246919.3353,2:06 PM,2:36 PM,GS3,0,
105320_MMN,10/5/2017,0,0,0,1,M,00255_105320_MMN,5273083.189,216708.2906,10:11 AM,10:43 AM,TU1,0,Evidence of salvage logging stumps. Large creek crossing necessary to reach plot center
075589_DMS,9/21/2017,0,0,0,1,L,00282_075589_DMS,5273208.876,246578.9777,5:09 PM,5:39 PM,TU1,0,
075669_DHS,9/21/2017,0,0,0,1,L,00282_075669_DHS,5273219.846,246941.4285,8:52 AM,9:22 AM,TU1,0,
075566_MMS,9/21/2017,0,0,0,1,L,00282_075566_MMS,5273321.907,246950.4173,9:37 AM,10:09 AM,TU1,0,North quadrants contain a majority of the overstory. South quadrant more exposed
075256_DHS,9/20/2017,0,0,0,1,M,00255_075256_DHS,5273354.693,246117.5071,4:01 PM,NA,TU1,0,
075492_DMS,9/21/2017,0,0,0,1,L,00282_075492_DMS,5273405.138,247056.7206,10:37 AM,11:08 AM,GS2,0,
075449_DHS,9/21/2017,0,0,0,1,L,00282_075449_DHS,5273405.386,246931.9659,12:36 PM,1:07 PM,TU1,0,
075451_MHS,9/21/2017,0,0,0,1,M,00282_075451_MHS,5273416.2,246988.0494,11:32 AM,12:06 PM,TU3,0,
075276_MHS,9/21/2017,0,0,0,1,L,00282_075276_MHS,5273482.138,246704.6405,3:51 PM,4:21 PM,TU3,0,
075237_MHS,9/21/2017,0,0,0,1,L,00282_075237_MHS,5273542.684,246841.2377,1:36 PM,2:15 PM,TU1,0,
075095_MHS,9/20/2017,0,0,0,1,M,00255_075095_MHS,5273560.326,246501.8371,12:51 PM,1:45 PM,TU1,0,
075046_MMS,9/20/2017,0,0,0,0,M,00255_075046_MMS,5273580.355,246470.9251,9:26 AM,10:00 AM,TU1,0,
075049_DHS,9/20/2017,0,0,0,1,M,00255_075049_DHS,5273601.393,246554.4184,11:17 AM,11:58 AM,TU1,0,
104431_MHN,10/2/2017,0,0,0,1,M,00282_104431_MHN,5274649.4,221741.5728,12:58 PM,1:31 PM,SH9,0,Evidence of salvage logging in plot
104221_DMN,10/4/2017,0,0,0,1,M,00282_104221_DMN,5275115.182,223128.5541,11:04 AM,11:36 AM,TL9,0,Evidence of salvage logging in plot. Also appears to be a mesic site with many BM and ferns
103757_MMN,10/2/2017,0,0,0,1,L,00282_103757_MMN,5275178.412,222028.7271,3:33 PM,4:13 PM,TU1,0,Evidence of salvage logging in plot
103880_DMN,10/4/2017,0,0,0,0,L,00282_103880_DMN,5275352.889,223060.7042,1:40 PM,2:11 PM,TL9/GS4,1,Plot moved 12 m at 12 degrees away from flowing stream
103244_DMN,10/5/2017,0,0,0,0,L,00282_103244_DMN,5275844.147,222956.071,10:24 AM,10:54 AM,GS3,0,Ravine with tall BM 30 m from plot center
102998_DHN,10/5/2017,0,0,0,0,L,00282_102998_DHN,5276037.15,222849.8074,11:51 AM,12:24 PM,GS2,0,Abundant salvage logging evidence 40 m away
102861_DHN,10/5/2017,0,0,0,0,M,00282_102861_DHN,5276086.836,222505.5337,2:15 PM,2:47 PM,SH8,0,Doesn't seem like a dry site. Soil is cold and moist with moss with not much overhead sunlight
073130_MMS,9/11/2017,0,0,0,1,L,00255_073130_MMS,5276978.078,245744.4923,9:50 AM,10:20 AM,GS2,0,10 rebar stakes in a grid pattern found in plot
073131_DMS,9/11/2017,0,0,0,0,L,00255_073131_DMS,5277016.142,245919.9455,11:06 AM,11:37 AM,GS2,0,No evidence of salvage logging
102098_MMN,10/3/2017,0,0,0,0,L,00255_102098_MMN,5278465.467,223092.7906,2:39 PM,3:49 PM,TU5,1,Plot moved 33 ft 168 degrees because of creek. Salvage stumps about 30 m from plot center
102101_DMN,10/3/2017,0,0,0,1,L,00255_102101_DMN,5278500.283,223245.8008,11:27 AM,12:28 PM,TU1,0,Evidence of salvage logging in plot
102066_DMN,10/3/2017,0,0,0,1,L,00255_102066_DMN,5278719.222,223235.2552,9:42 AM,10:26 AM,TU1,0,Evidence of salvage logging in plot. Some stumps even have spray paint
067057_MMN,9/13/2017,0,0,0,1,L,00282_067057_MMN,5280162.791,244944.8093,9:44 AM,10:32 AM,TU3,0,Evidence of salvage logging in plot
064555_MMN,9/12/2017,0,0,0,0,L,00255_064555_MMN,5281308.116,246897.2228,9:28 AM,9:58 AM,GS2,0,
057666_CHN,9/11/2017,0,0,0,1,M,00282_057666_CHN,5282259.433,241936.9742,9:20 AM,10:10 AM,TU2,0,Evidence of salvage logging in plot
054505_MHN,9/13/2017,0,0,0,0,M,00255_054505_MHN,5283234.008,241454.0057,1:30 PM,2:03 PM,TU3/TU5,0,
053850_CMN,9/12/2017,0,0,0,1,M,00282_053850_CMN,5283412.563,240860.5246,8:06 AM,8:48 AM,TU5,0,Signs of salvage logging. Evidence of browse by ungulants
056945_MHN,9/12/2017,0,0,0,0,L,00255_056945_MHN,5283427.132,246388.1198,12:57 PM,1:34 PM,TU3,0,
053352_CHN,9/12/2017,0,0,0,1,L,00282_053352_CHN,5283580.473,240618.2969,10:01 AM,10:29 AM,TU5,0,Evidence of salvage logging in plot. PCT prefire
052846_MMN,9/11/2017,0,0,0,1,M,00282_052846_MMN,5283730.852,240311.403,1:32 PM,2:04 PM,TU2,0,Evidence of salvage logging in plot
053372_CHN,9/12/2017,0,0,0,0,M,00282_053372_CHN,5283798.944,241587.4279,12:19 PM,12:53 PM,TU5,0,
052618_CHN,9/11/2017,0,0,0,1,M,00282_052618_CHN,5283830.929,240227.6061,3:36 PM,4:08 PM,TU5,0,Evidence of salvage logging and a prefire PCT
052714_DHN,9/19/2017,0,0,0,1,L,00255_052714_DHN,5284492.817,243352.6815,12:12 PM,12:42 PM,GS3,0,Evidence of salvage logging in plot
050173_CHN,9/14/2017,0,0,0,0,M,00255_050173_CHN,5285224.929,240365.0317,10:51 AM,11:27 AM,TL4,0,
050820_MHN,9/18/2017,0,0,0,1,M,00255_050820_MHN,5285303.559,243121.597,2:23 PM,2:53 PM,TU5,0,Evidence of salvage logging in plot
050578_MMN,9/18/2017,0,0,0,0,M,00255_050578_MMN,5285381.694,242918.9509,10:28 AM,11:00 AM,TU5,0,
049617_CHN,9/13/2017,0,0,0,0,L,00255_049617_CHN,5285434.658,239688.0488,9:22 AM,10:07 AM,TU2,0,
047908_MHN,9/18/2017,0,0,0,0,S,00282_047908_MHN,5286744.97,241654.0464,10:34 AM,11:50 AM,TU5,0,Soil quality seems very poor with ashy A horizon
047652_MHN,9/18/2017,0,0,0,0,M,00282_047652_MHN,5286893.777,241749.6766,3:22 PM,4:50 PM,TU5,0,Soil quality seems very poor with ashy A horizon
047389_MMN,9/19/2017,0,0,0,0,M,00282_047389_MMN,5287116.487,242023.8926,9:01 AM,10:15 AM,TU5,1,Plot moved 50 paces at 296 degrees
046968_CMN,9/19/2017,0,0,0,0,S,00282_046968_CMN,5287153.789,240681.6128,12:18 PM,1:13 PM,TU5,0,Large DBH trees had recently fallen
046788_CMN,9/14/2017,0,0,0,0,L,00282_046788_CMN,5287335.288,239548.4738,9:18 AM,9:56 AM,TU2,0,
046653_CHN,9/14/2017,0,0,0,1,L,00282_046653_CHN,5287550.978,239564.8205,11:14 AM,11:41 AM,TU1,0,Evidence of salvage logging in plot
101328_CHN,9/26/2017,0,0,0,0,L,00255_101328_CHN,5298262.627,245366.7188,3:17 PM,3:55 PM,TU3,0,
101255_MHN,9/26/2017,0,0,0,0,L,00255_101255_MHN,5298418.374,245366.7195,12:40 PM,1:32 PM,TU3,0,
101192_DHS,9/28/2017,0,0,0,1,L,00255_101192_DHS,5300940.932,255985.796,5:17 PM,5:47 PM,GS2,0,
100963_DMS,9/29/2017,0,0,0,0,M,00282_100963_DMS,5301597.465,256028.0169,9:15 AM,8:49 AM,SH9/GS3,0,No evidence of salvage logging and plot near a riparian area with mesic conditions
099119_MMN,9/28/2017,0,0,0,0,L,00282_099119_MMN,5302467.639,242980.1483,4:38 PM,5:18 PM,GR2,0,
097538_MMN,9/28/2017,0,0,0,0,M,00282_097538_MMN,5303340.879,243129.7147,2:43 PM,3:16 PM,SH8,0,
100296_DMN,9/29/2017,0,0,0,0,L,00282_100296_DMN,5303505.758,259494.1531,12:22 PM,12:52 PM,GR4,0,
097203_DMS,9/28/2017,0,0,0,0,M,00282_097203_DMS,5303571.853,243360.8529,8:44 AM,9:14 AM,GS2/TU1,0,No evidence of salvage logging. Skid trail in 5% of plot
097017_DMS,9/28/2017,0,0,0,1,M,00282_097017_DMS,5303617.316,243164.9102,11:48 AM,12:25 PM,GS2/TU5,0,Prefire commercial harvest
097021_DHS,9/28/2017,0,0,0,0,M,00282_097021_DHS,5303649.041,243288.9758,9:59 AM,10:30 AM,TU2,0,"""No"" box marked for salvage logging but nothing in plot notes mentions a lack of evidence of salvage logging"
096590_DHS,9/26/2017,0,0,0,0,M,00282_096590_DHS,5303831.833,243271.3284,8:49 AM,9:26 AM,TU2,0,No evidence of salvage logging
096439_MHS,9/26/2017,0,0,0,0,M,00282_096439_MHS,5303883.561,243228.8194,10:36 AM,11:11 AM,TU2,0,No evidence of salvage logging
096517_DHS,9/26/2017,0,0,0,0,M,00282_096517_DHS,5303898.844,243473.8101,2:56 PM,3:34 PM,TU5,0,No evidence of salvage logging. 30 burnt uncut stumps in plot
096394_MHS,9/26/2017,0,0,0,0,M,00282_096394_MHS,5303950.896,243369.3217,12:12 PM,12:52 PM,TU5,0,No evidence of salvage logging
096219_MMN,9/27/2017,0,0,0,0,L,00282_096219_MMN,5303994.465,243798.6357,10:43 AM,11:13 AM,GS1,0,Javad is mislabeled 096526_MMN
096213_MHS,9/27/2017,0,0,0,0,M,00282_096213_MHS,5304108.059,243547.8892,1:42 PM,2:12 PM,TU2,0,Almost overlapping 096166_DHS. No evidence of salvage logging
096166_DHS,9/27/2017,0,0,0,0,M,00282_096166_DHS,5304142.978,243568.6422,11:37 AM,12:10 PM,TU2,0,No evidence of salvage logging
096526_MMN,9/27/2017,0,0,0,0,L,00282_096526_MMN,5304145.805,243725.6851,9:27 AM,9:57 AM,TU1,1,Plot moved 53 ft 290 degrees due to large flowing stream. Plot flagging and photos and javad all incorrectly labeled 096219_MMN
096049_MHN,9/27/2017,0,0,0,0,L,00282_096049_MHN,5304175.031,243258.5848,3:12 PM,3:43 PM,SH9,1,Plot moved 17 ft 315 degrees due to impassable mountain misery
095892_CMN,9/27/2017,0,0,0,0,M,00255_095892_CMN,5304646.11,243889.9017,10:51 AM,11:52 AM,TU2,0,
094569_MMN,9/27/2017,0,0,0,0,L,00255_094569_MMN,5305957.453,243553.0436,5:50 PM,6:22 PM,TU1,1,Cliff on north transect. Plot moved 38 ft 182 degrees
094526_DHN,9/27/2017,0,0,0,0,L,00255_094526_DHN,5306012.937,243603.8689,3:58 PM,4:31 PM,TU1,0,Very close to private property
093782_DMN,9/28/2017,0,0,0,0,L,00255_093782_DMN,5306541.89,243715.6309,9:48 AM,10:29 AM,TU1,1,Plot moved 110 paces 234 degrees due to plot center being located in a washout
093104_MMN,9/28/2017,0,0,0,0,L,00255_093104_MMN,5307078.223,243706.6127,1:07 PM,2:09 PM,TU1,0,
092470_MMN,9/26/2017,0,0,0,0,L,00255_092470_MMN,5307621.445,244386.0463,9:30 AM,10:10 AM,TU1,1,Moved plot 94 paces 170 degrees due to perennial stream
095094_CMN,9/29/2017,0,0,0,0,L,00255_095094_CMN,5308071.422,255263.4374,11:05 AM,11:38 AM,TU5,0,
092866_CMN,10/2/2017,0,0,0,0,M,00255_092866_CMN,5309556.975,254432.1776,3:21 PM,4:04 PM,TU2,1,Original plot had a stream. Plot moved 12.56 m at 164 degrees
120850_DHN,10/10/2017,0,0,0,0,M,00282_120850_DHN,5371424.866,390500.3206,3:20 PM,3:52 PM,SH3,0,30 m south of plot center is an open area and an aspen grove
120242_CMN,10/24/2017,0,0,0,0,L,00255_120242_CMN,5372137.732,391388.0121,9:47 AM,10:21 AM,GS2,0,
120497_CHN,10/10/2017,0,0,0,1,L,00282_120497_CHN,5372158.707,392446.9452,12:08 PM,12:40 PM,SH8,0,Evidence of salvage logging within plot center. But more abundant outside plot center
46174_DMN,10/11/2017,0,0,0,0,L,00282_46174_DMN,5372244.822,394342.1854,12:20 PM,1:00 PM,GS3,0,
46069_MMN,10/11/2017,0,0,0,0,M,00282_46069_MMN,5372285.145,393939.4806,10:04 AM,10:49 AM,TU5,1,Plot center near two streams. Plot moved 41 m at 22 degrees. Evidence of grazing on saplings and a prefire harvest
45912_MHN,10/10/2017,0,0,0,0,M,00282_45912_MHN,5372325.421,393545.0484,9:18 AM,10:04 AM,SH9,1,Plot center on old road. Moved 13.7 m at 22 degrees 
45742_DHN,10/24/2017,0,0,0,0,L,00255_45742_DHN,5372381.423,392883.3379,12:33 PM,1:35 PM,TU5,0,
44978_CMN,10/12/2017,0,0,0,0,M,00282_44978_CMN,5373678.452,394367.7303,2:38 PM,3:14 PM,SH3/TU2,0,
42322_DHN,10/12/2017,0,0,0,0,L,00282_42322_DHN,5375099.76,394766.7174,9:17 AM,9:48 AM,TU5,0,
42249_DHN,10/12/2017,0,0,0,0,L,00282_42249_DHN,5375176.408,394926.7118,11:35 AM,12:09 PM,TU5,0,Prefire commercial harvest
27971_CMN,10/24/2017,0,0,0,0,M,00282_27971_CMN,5377612.43,386220.3073,2:38 PM,3:22 PM,TU5,0,Bowed trees indicate potential heavy snow in winter
25410_DMN,10/9/2017,0,0,0,0,L,00282_25410_DMN,5377946.253,385362.5486,10:29 AM,11:04 AM,TL4/SH8,0,Nearby road on map doesn't exist. Watch out for bees
24976_CHN,10/24/2017,0,0,0,0,M,00282_24976_CHN,5378211.234,386122.2833,10:17 AM,11:00 AM,TU5,0,
18446_CMN,8/30/2017,0,0,0,0,L,00255_18446_CMN,5379971.816,385141.9471,4:10 PM,5:20 PM,TU3,0,
14209_DHN,10/11/2017,0,0,0,1,M,00255_14209_DHN,5381702.645,386317.1104,3:35 PM,4:05 PM,TU5,0,Evidence of salvage logging. Old skid road in plot
9118_CHN,8/29/2017,0,0,0,0,L,00255_9118_CHN,5383043.379,385264.4458,10:09 AM,10:44 AM,TU1,0,
8896_DHN,8/29/2017,0,0,0,0,L,00255_8896_DHN,5383072.206,385106.6641,1:44 PM,2:43 PM,TU1,0,
10161_CHN,10/10/2017,0,0,0,0,M,00255_10161_CHN,5383421.089,388030.0725,3:12 PM,3:58 PM,TU5,1,Plot moved 33.8 m 128 degrees due to a bees nest
7520_CMN,10/11/2017,0,0,0,0,L,00255_7520_CMN,5383852.893,386913.6767,10:55 AM,12:12 PM,TL9,0,Grazing of spruce seedlings. Seasonal stream just outside plot
6011_CMN,8/28/2017,0,0,0,Unknown,M,00255_6011_CMN,5384118.068,384519.2708,4:16 PM,5:11 PM,TU3,0,Unsure whether logging operation occurred pre or post fire. Plot well used by elk with veg being trampled and grazed
008124_CHN,10/26/2017,0,0,0,0,L,00282_008124_CHN,5384287.296,389523.5095,9:07 AM,10:05 AM,TL4,0,
6262_CMS,10/9/2017,0,0,0,1,M,00255_6262_CMS,5384700.739,388190.5275,12:53 PM,1:43 PM,TU5,0,Old skid road running along East West transect. Some trees show signs of disease with patches of yellow ooze. Fire appears to be high severity
6310_CHS,10/9/2017,0,0,0,1,S,00255_6310_CHS,5384704.013,388340.7121,9:02 AM,9:44 AM,TU5,0,Recent PCT operation 50 to 100 m away. 4 to 10 DBH recently fallen trees
6129_CMS,10/10/2017,0,0,0,1,M,00255_6129_CMS,5384806.602,387955.1949,9:30 AM,10:19 AM,TU5,0,Plot center located along old skid road on the North South transect
5445_DMN,10/13/2017,0,0,0,0,M,00255_5445_DMN,5385021.995,385505.0946,11:41 AM,12:13 PM,GR4/TU3,0,Evidence of grazing on some seedlings greater than 1 meter in height
005560_CMS,10/26/2017,0,0,0,1,M,00282_005560_CMS,5385130.784,386394.4025,11:31 AM,12:22 PM,TU5/TU3,0,Very old road passes through plot. Many diseased trees
999901_DMN,10/13/2017,0,0,0,1,M,00255_999901_DMN,5385523.985,385098.0574,9:15 AM,9:47 AM,TU3,0,Evidence of salvage logging. Small WL seedlings grazed
999904_CMS,8/4/2017,0,0,0,1,M,00282_999904_CMS,5394810.949,389536.6704,8:43 AM,9:17 AM,TL3,0,Javad initially didn't work on 8/4/17. Returned to plot on 8/5/17 for javad data
999902_DMS,8/4/2017,0,0,0,1,S,00282_999902_DMS,5395024.829,389645.1594,9:44 AM,10:23 AM,TU1,0,Javad initially didn't work on 8/4/17. Returned to plot on 8/5/17 for javad data
999903_CMS,8/4/2017,0,0,0,1,M,00282_999903_CMS,5395290.975,389164.3227,8:49 AM,9:27 AM,TU1,0,Heavily grazed by cattle. Primitive trail takes up about 5% of plot
91191_CMN,8/5/2017,0,0,0,0,S,00282_91191_CMN,5395491.702,390358.1935,11:25 AM,11:58 AM,TL7,0,Downed logs from the previous fire were so abundant that they formed a thick layer about 5 feet off the forest floor 
88272_DMN,10/13/2017,0,0,0,0,L,00255_88272_DMN,5395610.478,387071.417,4:40 PM,5:20 PM,TU1,1,Plot located along cliff band and moved 24.5 ft 294 degrees. Evidence of recent grazing
87566_DMN,10/16/2017,0,0,0,1,M,00255_87566_DMN,5396005.021,388064.7243,2:32 PM,3:00 PM,GR4,0,Evidence of salvage logging in plot
87160_CHS,10/16/2017,0,0,0,1,M,00255_87160_CHS,5396127.42,388191.2969,11:57 AM,12:38 PM,TU5,0,
86248_CMS,10/16/2017,0,0,0,1,M,00255_86248_CMS,5396293.766,388122.0297,9:50 AM,10:23 AM,TU5,0,
85196_CMS,10/19/2017,0,0,0,1,M,00282_85196_CMS,5396376.629,387527.5687,11:27 AM,12:03 PM,TU5,0,Most likely high severity fire no mature live trees nearby
86919_CMN,10/17/2017,0,0,0,0,S,00255_86919_CMN,5396520.407,389677.3892,10:23 AM,10:55 AM,TU5,0,
84386_CHS,10/19/2017,0,0,0,1,M,00282_84386_CHS,5396586.759,387757.5643,9:18 AM,9:51 AM,TU5,0,Evidence of cattle grazing in plot
83076_DHN,10/18/2017,0,0,0,0,L,00255_83076_DHN,5396927.333,387624.5003,3:25 PM,4:00 PM,SH1,0,
83089_CHN,10/18/2017,0,0,0,0,M,00255_83089_CHN,5397017.343,387997.9348,1:30 PM,2:15 PM,TU5,0,Creek 8 meters north of plot center
79948_CMN,10/19/2017,0,0,0,0,M,00255_79948_CMN,5397996.455,387857.0349,12:28 PM,1:15 PM,SH9,0,
80738_CHN,10/23/2017,0,0,0,0,M,00255_80738_CHN,5398200.927,389809.9794,2:25 PM,3:15 PM,TU5,0,Evidence of elk browse
79534_CMN,10/19/2017,0,0,0,0,S,00255_79534_CMN,5398246.146,388279.4762,9:22 AM,9:53 AM,SH9,0,
80561_CHS,10/23/2017,0,0,0,0,M,00255_80561_CHS,5398341.523,390172.1895,10:45 AM,11:44 AM,TU5,0,No evidence of salvage logging
80175_CHS,10/16/2017,0,0,0,0,L,00282_80175_CHS,5398371.96,389743.8066,11:29 AM,11:59 AM,GS3/SH9,0,No evidence of salvage logging
79284_CMN,8/5/2017,0,0,0,0,S,00255_79284_CMN,5398548.014,389126.4304,1:22 PM,1:55 PM,TU5,0,Very steep slopes with creek outside of plot at the bottom of a ravine
79379_CMN,10/16/2017,0,0,0,0,S,00282_79379_CMN,5398582.714,389458.5573,8:45 AM,9:23 AM,SH9,0,
79564_DMN,10/16/2017,0,0,0,1,L,00282_79564_DMN,5398583.762,389728.3837,1:35 PM,2:12 PM,GS2,0,Evidence of salvage logging in plot and elk grazing
78893_CMS,10/13/2017,0,0,0,1,L,00282_78893_CMS,5398726.959,387904.6456,11:32 AM,12:02 PM,GS3,0,
79078_CMS,10/16/2017,0,0,0,1,M,00282_79078_CMS,5398902.979,390345.8082,4:51 PM,5:21 PM,SH9,1,Original plot on old road. Plot moved 15 meters 105 degrees. Evidence of elk grazing on small seedlings
78847_DMS,7/26/2017,0,0,0,1,M,00282_78847_DMS,5398943.044,388038.1262,12:18 PM,1:00 PM,TL3,0,Training Plot. Javad point mislabled 77847_DMS in netbrowser
78436_CMS,10/17/2017,0,0,0,1,M,00282_78436_CMS,5400171.374,388753.8364,8:58 AM,9:28 AM,GS2,0,Evidence of cattle grazing in plot
78323_DMS,10/18/2017,0,0,0,1,M,00282_78323_DMS,5400394.928,388393.3851,12:31 PM,1:02 PM,SH3,1,Plot located on very steep rocky hillside. Plot moved 8 ft at 135 degrees
78303_DMS,10/17/2017,0,0,0,0,L,00282_78303_DMS,5400501.479,388585.8737,11:09 AM,11:39 AM,GS2,0,No evidence of salvage logging. Old hiking trail takes up 5% of plot
139331_DMN,11/2/2017,0,0,0,0,L,00255_139331_DMN,5400664.834,269540.0754,11:18 AM,12:04 PM,SH3,0,
136957_DHN,11/2/2017,0,0,0,0,L,00282_136957_DHN,5403605.307,268650.1073,1:07 PM,1:38 PM,SH5,0,
135238_DMN,11/1/2017,0,0,0,0,L,00282_135238_DMN,5405418.583,269575.5023,12:27 PM,1:00 PM,TU5,0,
134794_DMN,11/1/2017,0,0,0,Unknown,L,00282_134794_DMN,5405508.13,268828.5961,2:03 PM,2:36 PM,TU3,0,2 salvage stumps on border of north transect but it may be trail maintenance instead of a salvage operation
134471_DHN,11/1/2017,0,0,0,0,L,00282_134471_DHN,5405895.678,269595.9263,10:20 AM,10:50 AM,GS4,0,
134154_DMN,11/2/2017,0,0,0,0,L,00255_134154_DMN,5406266.93,270237.3809,8:25 AM,9:00 AM,TU3,1,Plot moved 50 feet 291 degrees due to cliff
133321_DMN,11/1/2017,0,0,0,0,L,00282_133321_DMN,5406797.887,270438.0425,4:11 PM,4:50 PM,SH5,0,Plot located between two large rock mounds
132664_DHN,11/2/2017,0,0,0,0,L,00282_132664_DHN,5407264.857,270733.6655,10:48 AM,11:19 AM,SH2,0,No live trees of any kind in this plot
132464_CHN,11/2/2017,0,0,0,0,L,00282_132464_CHN,5407408.477,270826.4553,9:45 AM,10:15 AM,SH2,0,
132272_CHN,11/2/2017,0,0,0,0,L,00282_132272_CHN,5407547.601,270887.8084,8:42 AM,9:15 AM,SH2,0,
5048_DMN,8/3/2017,0,0,0,0,L,00255_5048_DMN,5407562.84,388620.1136,8:10 AM,8:52 AM,TU5,0,Extremely steep slopes with plot center located at the bottom of a ravine. Almost unnavigable terrain
118036_CMN,8/3/2017,0,0,0,0,M,00255_118036_CMN,5408060.173,391663.4024,11:52 AM,12:43 PM,TL7,0,
117941_DMN,8/4/2017,0,0,0,1,M,00255_117941_DMN,5408202.178,390910.9569,4:34 PM,NA,TU1,0,No end time for Javad. Check if Javad data for this plot even exists
131853_CMN,11/1/2017,0,0,0,Unknown,L,00282_131853_CMN,5408262.364,272833.4086,8:25 AM,8:59 AM,TU3,0,Salvage stumps less than 5 meters from plot center. Difference in plot location could easily include salvage stumps
4817_DHN,8/2/2017,0,0,0,0,L,00255_4817_DHN,5408343.56,388933.206,2:47 PM,3:22 PM,TU3,0,
117900_DHN,8/4/2017,0,0,0,0,M,00255_117900_DHN,5408409.02,391288.3608,3:09 PM,3:41 PM,TL3,0,
130251_CMN,11/1/2017,0,0,0,0,L,00255_130251_CMN,5408409.827,271433.5231,3:02 PM,3:40 PM,SH1/Rocks,0,80% of the snags seem to have fallen in a recent event
130351_DHN,11/1/2017,0,0,0,0,L,00255_130351_DHN,5408441.064,271722.9152,1:15 PM,1:46 PM,SH2,1,Plot moved 75 feet 62 degrees due to flowing stream
117870_DHN,8/4/2017,0,0,0,0,M,00255_117870_DHN_B,5408454.886,391218.2953,11:50 AM,12:25 PM,TU5,0,
4836_DMS,8/3/2017,0,0,0,1,M,00282_4836_DMS,5408546.362,389982.5189,10:19 AM,10:54 AM,TU5,0,
4775_DMS,8/3/2017,0,0,0,1,S,00282_4775_DMS,5408682.901,389892.5984,4:35 PM,5:05 PM,TU5,0,
131141_CHN,11/1/2017,0,0,0,0,L,00255_131141_CHN,5408760.488,274122.2471,11:03 AM,11:34 AM,SH5,0,
4644_DMN,8/2/2017,0,0,0,0,L,00255_4644_DMN,5408841.401,389068.5907,11:33 AM,12:13 PM,GR4,0,
130925_CHN,11/1/2017,0,0,0,0,L,00255_130925_CHN,5408879.834,274377.0938,9:02 AM,9:32 AM,SH5,0,
4615_DMN,8/2/2017,0,0,0,0,L,00282_4615_DMN,5409148.871,390155.556,9:42 AM,10:12 AM,TU1,0,Salvage stumps found 77 ft from plot center
4517_DHS,8/2/2017,0,0,0,0,S,00282_4517_DHS,5409356.241,390386.3697,12:58 PM,2:02 PM,TU5,0,
155275_MHN,8/14/2017,0,0,0,0,M,00282_155275_MHN,5422032.726,400104.9675,1:56 PM,2:40 PM,TL4,0,
154554_CHS,8/14/2017,0,0,0,1,S,01969_154554_CHS,5422238.54,399607.7675,2:44 PM,3:18 PM,TU5,0,Evidence of salvage logging but still many downed large logs suggesting a selective operation. Signs of elk browsing LP regen
154505_MHS,8/14/2017,0,0,0,1,S,00282_154505_MHS,5422350.937,400028.4387,9:32 AM,10:13 AM,TL8,0,Plentiful elk scat and small LP browsed. Plot is in a saddle with 3 depressions and is wetter than surrounding topography
153967_MHS,8/13/2017,0,0,0,1,M,01969_153967_MHS,5422472.41,399405.5635,11:12 AM,12:12 PM,TL3,0,Time off Javad may not be accurate
154053_CMS,8/14/2017,0,0,0,1,S,00255_154053_CMS,5422530.29,399844.391,9:50 AM,10:46 AM,TU5,0,Even though this plot is very close to 153907 the fire severity seems to be significantly lower here
154513_CMN,8/15/2017,0,0,0,0,M,00282_154513_CMN,5422536.081,400840.5485,3:35 PM,4:00 PM,TU5,0,
153907_CHS,8/14/2017,0,0,0,1,M,00255_153907_CHS,5422578.454,399775.4944,4:19 PM,4:50 PM,TU5/SH1,0,5 m radius surrounding plot center is located on a large boulder with almost no veg
154204_MMS,8/15/2017,0,0,0,1,M,00282_154204_MMS,5422635.724,400580.7953,1:34 PM,2:03 PM,TU1,0,
153698_DHS,8/13/2017,0,0,0,1,S,00255_153698_DHS,5422698.17,399899.8496,12:08 PM,12:43 PM,TU5,0,
153269_MHN,8/14/2017,0,0,0,0,M,01969_153269_MHN,5422775.099,399124.3625,8:52 AM,9:30 AM,TU5,0,
153506_MMS,8/13/2017,0,0,0,1,M,00255_153506_MMS,5422802.959,399982.6434,9:24 AM,9:58 AM,TU5,1,>10% of plot radius within a forest road. Plot moved 14 m at 72 degrees
153712_DHS,8/15/2017,0,0,0,1,M,00282_153712_DHS,5422824.536,400449.1379,11:22 AM,11:52 AM,TU1,0,Not a single tree over 4 m in height within plot radius
153514_MHS,8/15/2017,0,0,0,1,M,00282_153514_MHS,5422896.629,400312.799,8:51 AM,9:21 AM,TL4,0,20% of plot within a slash pile
152914_MHS,8/15/2017,0,0,0,1,M,01969_152914_MHS,5423064.905,398908.0263,8:54 AM,9:40 AM,TU5,0,Signs of elk browsing on LP regen
152204_DHN,9/3/2017,0,0,0,0,M,00255_152204_DHN,5423089.529,397234.0774,11:41 AM,12:22 PM,TU5,0,
152553_CHS,8/15/2017,0,0,0,1,M,00255_152553_CHS,5423098.861,397834.0522,8:51 AM,9:35 AM,TU5,0,"Plot located on South facing slope with no seed sources or patch edges in sight. Had to walk slightly over 30 meters from plot center to see a patch edge that was well over 2,000 ft away"
152138_CHS,8/15/2017,0,0,0,1,M,00255_152138_CHS,5423205.713,397636.8645,11:39 AM,12:16 PM,TU5,0,Primitive hiking trail found just outside plot radius
152489_MHS,8/15/2017,0,0,0,1,S,00255_152489_MHS,5423232.767,398246.873,3:36 PM,4:16 PM,TU5,0,
152636_MHS,8/15/2017,0,0,0,1,S,01969_152636_MHS,5423233.719,398541.2438,11:41 AM,12:17 PM,TU5,0,Signs of elk browsing on small LP regen. Old streambed located in plot that most likely only had water running through it a year postfire and now has LP growing out of it
151435_CHS,9/4/2017,0,0,0,1,M,00255_151435_CHS,5423251.924,396715.8361,2:05 PM,2:35 PM,TU5,0,
151286_DHS,9/3/2017,0,0,0,1,M,00255_151286_DHS,5423369.858,396963.9551,3:11 PM,3:48 PM,TU5,0,
151453_DHN,9/2/2017,0,0,0,0,M,00255_151453_DHN,5423378.264,397241.1573,11:49 AM,12:28 PM,TU1,0,
151547_CHN,9/2/2017,0,0,0,0,M,00255_151547_CHN,5423385.217,397449.5762,9:29 AM,10:09 AM,TU3,0,
151641_CHS,10/25/2017,0,0,0,1,M,00282_151641_CHS,5423407.996,397683.9701,8:57 AM,9:41 AM,TU5,0,Snow in plot skews veg transects
151167_DHS,9/2/2017,0,0,0,1,M,00255_151167_DHS,5423485.368,397153.2261,2:15 PM,2:48 PM,TU3,0,
151191_CMS,8/16/2017,0,0,0,1,M,00255_151191_CMS,5423690.861,398106.5482,9:19 AM,9:58 AM,TU3,0,
150280_MMS,9/4/2017,0,0,0,1,M,00255_150280_MMS,5423741.761,396274.8062,9:10 AM,9:43 AM,TU5,0,
150203_DHS,9/3/2017,0,0,0,1,M,00255_150203_DHS,5423748.879,396153.7566,7:48 AM,8:24 AM,SH3,0,
151200_MMS,8/16/2017,0,0,0,1,M,00255_151200_MMS,5423750.775,398366.4573,3:30 PM,4:01 PM,TU1,0,
150206_CMS,10/25/2017,0,0,0,1,M,00255_150206_CMS,5423754.749,396251.8744,4:48 PM,5:20 PM,TU5,1,Plot originally abandoned in september due to proximity to road. Resampled for CMS tally. This time plot moved 46 feet 141 degrees away from the road
151347_MMN,8/16/2017,0,0,0,0,M,01969_151347_MMN,5423840.728,399045.9061,10:00 AM,10:38 AM,TU5,0,Logging in early 80's. Moderate severity fire. Tree restablishment. Patchy reburn in 2003. Patchy regen post fire. Extremely diverse species. Unsure if 01969 is third Javad ID
150974_CHS,8/16/2017,0,0,0,1,S,00255_150974_CHS,5423851.874,398223.601,12:00 PM,12:32 PM,TU5,0,Small LP regen show signs of browsing
151273_MHN,8/16/2017,0,0,0,0,M,01969_151273_MHN,5423857.32,398982.0464,3:22 PM,4:08 PM,TU1,0,Same unique scenario as 151347_MMN except less diverse species and more open space
151091_DHS,8/16/2017,0,0,0,1,L,01969_151091_DHS,5423860.711,398587.5888,12:46 PM,1:40 PM,TU2,0,Questionable if entire plot underwent high severity fire. Several old growth trees were salvage logged
150638_MHN,10/25/2017,0,0,0,0,M,00282_150638_MHN,5423890.419,397608.4601,10:46 AM,11:22 AM,TU3,0,
150795_CHS,8/16/2017,0,0,0,1,S,01969_150795_CHS,5424053.049,398605.7187,3:36 PM,4:15 PM,TU5,0,Plot appears to have significant snow pack in the winter due to majority of LP bent and growing at an angle
151106_MMN,8/14/2017,0,0,0,1,M,00255_151106_MMN,5424054.213,399425.0644,2:06 PM,2:39 PM,TU5,0,Several salvage log stumps found within the plot. Plot divided into two halves one being dense WL regen and the other being more spacious alder regen
150393_MHS,9/5/2017,0,0,0,1,M,00255_150393_MHS,5424126.771,398108.1669,9:20 AM,9:51 AM,TU5,0,
150402_MHN,9/5/2017,0,0,0,0,S,00255_150402_MHN,5424188.22,398368.6498,11:58 AM,12:27 PM,TL7,0,
149492_CHN,10/25/2017,0,0,0,0,M,00282_149492_CHN,5424239.076,396958.6888,1:22 PM,1:53 PM,TU5,0,Plot originally abandoned due to stream but revisited and determined to be doable
148948_MMN,10/25/2017,0,0,0,0,M,00282_148948_MMN,5424266.244,396103.7082,3:10 PM,3:48 PM,TU5,0,Evidence of elk browse
150180_MHS,9/5/2017,0,0,0,1,S,00255_150180_MHS,5424283.087,398376.8066,2:33 PM,3:08 PM,TU5,0,
148091_CHS,8/17/2017,0,0,0,1,M,00255_148091_CHS,5424874.09,397159.956,8:55 AM,9:46 AM,TU5,0,Significant browse present and a 2 ft wide elk trail travels East-West through the plot
999906_DHS,8/17/2017,0,0,0,1,S,01969_999906_DHS,5424956.288,398474.2779,9:26 AM,10:06 AM,TU5,0,Skid trail at end of east transect
146740_MHN,9/4/2017,0,0,0,0,L,00255_146740_MHN,5425158.438,396362.6327,11:21 AM,11:57 AM,SH3,1,Plot moved due to hornet nest. 26.4 feet by 88 degrees
146422_CHN,9/2/2017,0,0,0,0,M,00282_146422_CHN,5425357.566,396810.5229,11:05 AM,11:35 AM,TU3,0,
145501_CMN,8/17/2017,0,0,0,1,M,00255_145501_CMN,5425679.871,396736.8713,11:54 AM,12:40 PM,TU5,0,Evidence of salvage logging through out plot. Several stumps with clean cut faces and charred sides
145501_CMN,9/2/2017,0,0,0,0,M,00282_145501_CMN,5425679.871,396736.8713,8:31 AM,9:29 AM,TU5,0,Plot was accidently completed twice. Original plot center is about 20 feet southeast of this one. May be useful to compare the two
145155_MMN,10/25/2017,0,0,0,0,S,00255_145155_MMN,5425718.495,396338.0902,2:59 PM,3:30 PM,TU3/TU5,0,Signs of cattle grazing in plot. Fence post in plot
144753_MMS,9/4/2017,0,0,0,Unknown,S,00282_144753_MMS,5425858.051,396276.8421,3:04 PM,3:54 PM,TU5,0,Evidence of prefire harvest but unsure if any of it was also post fire
146201_MHN,8/17/2017,0,0,0,0,M,00282_146201_MHN,5426001.15,399250.1353,8:48 AM,9:28 AM,TU1,0,Northern half of plot contains most regen
144469_MMN,9/2/2017,0,0,0,0,M,00282_144469_MMN,5426093.513,396770.1098,1:21 PM,2:00 PM,TU1,0,
146403_DMS,8/16/2017,0,0,0,1,M,00282_146403_DMS,5426168.162,400245.9552,9:10 AM,9:48 AM,TU1,0,
144066_DHS,9/3/2017,0,0,0,1,S,00282_144066_DHS,5426239.978,396739.6942,8:38 AM,9:27 AM,TU5,0,LP seedlings show signs of browse
145400_MMS,8/16/2017,0,0,0,0,M,00282_145400_MMS,5426266.604,399062.6491,1:54 PM,2:27 PM,TU5,0,PCT stumps found 30 m from plot center and no salvage stumps found within plot center but some nearby
143891_MHS,9/3/2017,0,0,0,1,S,00282_143891_MHS,5426286.68,396667.9626,11:05 AM,11:48 AM,TU5,0,Signs of seedling browsing present
144496_MMN,10/25/2017,0,0,0,0,S,00255_144496_MMN,5426295.624,397561.124,9:14 AM,9:55 AM,TU5,1,Plot moved 93 feet 300 degrees due to an old road. 
144794_MHS,9/5/2017,0,0,0,1,M,00282_144794_MHS,5426304.479,398355.188,9:48 AM,10:40 AM,TU2,1,Plot located on a cliff. Moved 74 feet by 194 degrees. 
144419_MHN,10/25/2017,0,0,0,0,M,00255_144419_MHN,5426334.882,397691.4557,11:20 AM,11:59 AM,TU2/TL4,0,
144584_MHS,9/5/2017,0,0,0,1,M,00282_144584_MHS,5426347.438,398096.9224,12:15 PM,12:53 PM,TL4/TU2,1,Plot located on a cliff. Moved 67 feet by 210 degrees
143900_DHS,9/3/2017,0,0,0,1,M,00282_143900_DHS,5426351.425,396958.4374,1:45 PM,2:25 PM,TU5,0,
143994_MMN,9/4/2017,0,0,0,0,M,00282_143994_MMN,5426418.585,397374.9595,10:45 AM,11:52 AM,TU5,0,
143643_MHS,9/4/2017,0,0,0,1,S,00282_143643_MHS,5426515.335,396958.4414,4:00 PM,4:30 PM,TU5,0,
143532_MMN,9/3/2017,0,0,0,1,L,01969_143532_MMN,5426703.587,397400.483,10:03 AM,10:35 AM,TU1,0,Evidence of salvage logging in plot
143360_MMS,8/17/2017,0,0,0,1,M,00282_143360_MMS,5426975.984,398039.3505,2:59 PM,3:36 PM,TU3,0,
143306_DHS,8/17/2017,0,0,0,1,S,00282_143306_DHS,5426976.04,397956.3582,12:34 PM,1:23 PM,TU2,0,
143096_DMS,9/3/2017,0,0,0,1,S,01969_143096_DMS,5427031.062,397609.6506,11:52 AM,12:43 PM,TU5,0,
142348_MMN,9/6/2017,0,0,0,1,S,01969_142348_MMN,5427226.353,397257.274,11:52 AM,12:40 PM,TU5,0,Evidence of salvage logging in plot
142455_MMS,9/6/2017,0,0,0,1,S,01969_142455_MMS,5427264.002,397553.5107,9:53 AM,10:31 AM,TU5,0,
142655_MHS,9/3/2017,0,0,0,1,S,01969_142655_MHS,5427294.428,397965.5604,5:25 PM,5:56 PM,TU5,0,Game trails and slash piles in plot
142283_DMS,9/6/2017,0,0,0,1,S,00255_142283_DMS,5427449.359,398091.1503,9:17 AM,9:50 AM,TU5,0,Evidence of grazing on some seedlings
142089_MMS,9/2/2017,0,0,Unknown,1,S,01969_142089_MMS,5427453.834,397782.562,9:42 AM,10:19 AM,TU5,0,Unsure whether pct was pre or post fire
142094_MHS,9/2/2017,0,0,0,1,S,01969_142094_MHS,5427466.807,397932.0831,2:37 PM,3:21 PM,TU5,0,Skid road and slash pile on northeast border of plot 
141866_MMS,9/6/2017,0,0,0,1,M,00255_141866_MMS,5427637.251,398230.1775,11:08 AM,11:46 AM,TU3,0,Plot center in the middle of large skid trail. Stumps on skid trail have frayed cutfaces as if they were ripped rather than cut. Signs of grazing
053424_CHN,9/12/2017,0,0,0,0,M,00282_053424_CHN,,,4:04 PM,4:50 PM,TU5,0,In Process
153156_MMS,8/13/2017,0,0,0,1,M,00282_153156_MMS,,,9:51 AM,10:23 AM,TU3,0,No GPS File
153918_MMS,8/13/2017,0,0,0,1,M,00282_153918_MMS,,,2:35 PM,3:20 PM,TU2,0,Old road 16 m uphill of plot center but only within 5% of plot. A few small diameter stumps with char and most likely not part of a PCT. No GPS File
5025_CHN,8/5/2017,0,0,0,0,M,00282_5025_CHN,,,2:50 PM,3:30 PM,TU5,0,Processing Error
5647_CMS,8/20/2017,0,0,0,1,M,00282_5647_CMS,,,11:11 AM,11:42 AM,TU3,0,Mistletoe killing several mature trees. No GPS File
5799_CMS,8/20/2017,0,0,0,1,M,00282_5799_CMS,,,9:15 AM,9:54 AM,TU5,0,No GPS File
78789_DMS,10/18/2017,0,0,0,1,L,00282_78789_DMS,,,3:28 PM,3:55 PM,GS3/TL3,0,In Process
78871_DMS,10/13/2017,0,0,0,1,M,00282_78871_DMS,,,2:18 PM,3:02 PM,GS3/TU5,0,5% of plot on old road with no cut banks. Plot recently grazed by cows. No GPS File
052217_CHN,9/13/2017,1,0,0,0,,,,,,,,0,>10% of plot in an old road even after relocation
052242_MHN,9/19/2017,1,Unknown,Unknown,Unknown,,,,,,,,0,Plot abandoned due to massive cliff and no access point
057104_DHN,9/11/2017,1,0,0,0,,,,,,,,0,>10% of plot in an old road even after relocation
059851_MHN,9/12/2017,1,Unknown,Unknown,Unknown,,,,,,,,0,Plot abandoned due to massive cliff and no access point
066360_CHN,9/13/2017,1,0,0,0,,,,,,,,0,>10% of plot radius within a stream bed. Plot moved and still within stream bed
100256_DMS,9/29/2017,1,0,0,1,,,,,,,,1,50% of original plot contained a stream. Plot moved 66ft 50 degrees but ended up on a controlled burn site with USFS signs included 
118218_DHN,8/3/2017,1,0,1,0,,,,,,,,0,
138012_CMN,11/2/2017,1,0,1,0,,,,,,,,0,
144053_MMS,8/17/2017,1,0,0,1,,,,,,,,0,>10% of plot radius within a road. Plot moved and still within road
144445_MMN,8/16/2017,1,0,1,0,,,,,,,,0,Sections of high severity burn with charred small diameter stumps and uncharred small diameter stumps suggesting there was a pre-fire and post-fire PCT
144827_DMS,8/17/2017,1,0,0,1,,,,,,,,0,>10% of plot radius within a road. Plot moved and still within road
146039_MMN,8/17/2017,1,0,0,0,,,,,,,,0,Plot center on a cliff. Plot moved and still on cliff face
147855_CHS,8/17/2017,1,0,0,1,,,,,,,,0,>10% of plot radius within a road. Plot moved and still within road
154188_CHS,8/14/2017,1,0,0,1,,,,,,,,0,>10% of plot radius within a stream bed. Plot moved and still within stream bed
154678_MHN,8/14/2017,1,0,0,0,,,,,,,,0,>10% of plot radius within a stream bed. Plot moved and still within stream bed
155917_MMN,8/16/2017,1,0,0,0,,,,,,,,0,>10% of plot radius within a road. No info on whether or not there was an attempt to move plot center
4083_CMN,8/2/2017,1,0,1,1,,,,,,,,0,
4157_DHS,8/2/2017,1,0,1,1,,,,,,,,0,
4265_DMN,8/2/2017,1,0,1,1,,,,,,,,0,Two large stumps showed signs of salvage logging
4290_CHN,8/2/2017,1,0,1,0,,,,,,,,0,
4744_CMN,8/3/2017,1,0,1,0,,,,,,,,0,Strange girdled tree operation within plot raidius 
4811_CMS,8/3/2017,1,0,0,1,,,,,,,,0,>10% of plot radius within a road. Plot moved and still within road
78785_DMS,10/13/2017,1,0,1,1,,,,,,,,0,Likely same PCT operation as 78853_CMS
78826_DMS,10/13/2017,1,0,1,1,,,,,,,,0,Plot initially completed on new fire training day. Revisited and PCT actually occurred post fire alongside a salvage operation
78853_CMS,10/13/2017,1,0,1,1,,,,,,,,0,
78898_DMS,10/13/2017,1,0,1,1,,,,,,,,0,
999908_MHS,8/16/2017,1,0,1,1,,,,,,,,0,
